id_zmienna;zmienna;id_przekroj;nazwa_przekroj;id_jednostka_terytorialna;jednostka_terytorialna;id_typ_informacji;typ_informacji;id_wymiar_2;nazwa_wymiar_2;id_pozycja_2;nazwa_pozycja_2;id_wymiar_3;nazwa_wymiar_3;id_pozycja_3;nazwa_pozycja_3;id_wymiar_4;nazwa_wymiar_4;id_pozycja_4;nazwa_pozycja_4;id_wymiar_5;nazwa_wymiar_5;id_pozycja_5;nazwa_pozycja_5;id_wymiar_6;nazwa_wymiar_6;id_pozycja_6;nazwa_pozycja_6;id_wymiar_7;nazwa_wymiar_7;id_pozycja_7;nazwa_pozycja_7;id_wymiar_8;nazwa_wymiar_8;id_pozycja_8;nazwa_pozycja_8;id_wymiar_9;nazwa_wymiar_9;id_pozycja_9;nazwa_pozycja_9;id_okres;id_daty;opis_okres;wartosc;oznaczenie_braku_wartosci;nazwa_braku_wartosci;oznaczenie_tajnosci;nazwa_tajnosci;oznaczenie_flagi;nazwa_flaga;notka
521;Przeciętne miesięczne wydatki na towary i usługi konsumpcyjne na 1 osobę w gospodarstwach domowych;285;"Polska; Towary i usługi konsumpcyjne; Grupa społeczno-ekonomiczna (BGD); Wielkość gospodarstwa domowego";33617;POLSKA;180;[zł];267;Grupa społeczno-ekonomiczna (BGD);630877;Gospodarstwa domowe pracujących na własny rachunek;274;Wielkość gospodarstwa domowego;6902052;Ogółem;295;Towary i usługi konsumpcyjne;6901848;Żywność i napoje bezalkoholowe;;;;;;;;;;;;;;;;;;;;;282;2013;2013 ;273,4;ND;Nie dotyczy;nd;Dane jawne;nd;Nie dotyczy;
521;Przeciętne miesięczne wydatki na towary i usługi konsumpcyjne na 1 osobę w gospodarstwach domowych;285;"Polska; Towary i usługi konsumpcyjne; Grupa społeczno-ekonomiczna (BGD); Wielkość gospodarstwa domowego";33617;POLSKA;180;[zł];267;Grupa społeczno-ekonomiczna (BGD);630877;Gospodarstwa domowe pracujących na własny rachunek;274;Wielkość gospodarstwa domowego;6902052;Ogółem;295;Towary i usługi konsumpcyjne;6901908;Napoje alkoholowe, wyroby tytoniowe i narkotyki;;;;;;;;;;;;;;;;;;;;;282;2013;2013 ;31,28;ND;Nie dotyczy;nd;Dane jawne;nd;Nie dotyczy;
521;Przeciętne miesięczne wydatki na towary i usługi konsumpcyjne na 1 osobę w gospodarstwach domowych;285;"Polska; Towary i usługi konsumpcyjne; Grupa społeczno-ekonomiczna (BGD); Wielkość gospodarstwa domowego";33617;POLSKA;180;[zł];267;Grupa społeczno-ekonomiczna (BGD);630877;Gospodarstwa domowe pracujących na własny rachunek;274;Wielkość gospodarstwa domowego;6902052;Ogółem;295;Towary i usługi konsumpcyjne;6901914;Odzież i obuwie;;;;;;;;;;;;;;;;;;;;;282;2013;2013 ;85,29;ND;Nie dotyczy;nd;Dane jawne;nd;Nie dotyczy;
521;Przeciętne miesięczne wydatki na towary i usługi konsumpcyjne na 1 osobę w gospodarstwach domowych;285;"Polska; Towary i usługi konsumpcyjne; Grupa społeczno-ekonomiczna (BGD); Wielkość gospodarstwa domowego";33617;POLSKA;180;[zł];267;Grupa społeczno-ekonomiczna (BGD);630877;Gospodarstwa domowe pracujących na własny rachunek;274;Wielkość gospodarstwa domowego;6902052;Ogółem;295;Towary i usługi konsumpcyjne;6901917;Użytkowanie mieszkania lub domu i nośniki energii;;;;;;;;;;;;;;;;;;;;;282;2013;2013 ;236,26;ND;Nie dotyczy;nd;Dane jawne;nd;Nie dotyczy;
521;Przeciętne miesięczne wydatki na towary i usługi konsumpcyjne na 1 osobę w gospodarstwach domowych;285;"Polska; Towary i usługi konsumpcyjne; Grupa społeczno-ekonomiczna (BGD); Wielkość gospodarstwa domowego";33617;POLSKA;180;[zł];267;Grupa społeczno-ekonomiczna (BGD);630877;Gospodarstwa domowe pracujących na własny rachunek;274;Wielkość gospodarstwa domowego;6902052;Ogółem;295;Towary i usługi konsumpcyjne;6901925;Wyposażenie mieszkania i prowadzenie gospodarstwa domowego;;;;;;;;;;;;;;;;;;;;;282;2013;2013 ;63,81;ND;Nie dotyczy;nd;Dane jawne;nd;Nie dotyczy;
521;Przeciętne miesięczne wydatki na towary i usługi konsumpcyjne na 1 osobę w gospodarstwach domowych;285;"Polska; Towary i usługi konsumpcyjne; Grupa społeczno-ekonomiczna (BGD); Wielkość gospodarstwa domowego";33617;POLSKA;180;[zł];267;Grupa społeczno-ekonomiczna (BGD);630877;Gospodarstwa domowe pracujących na własny rachunek;274;Wielkość gospodarstwa domowego;6902052;Ogółem;295;Towary i usługi konsumpcyjne;6901933;Zdrowie;;;;;;;;;;;;;;;;;;;;;282;2013;2013 ;51,58;ND;Nie dotyczy;nd;Dane jawne;nd;Nie dotyczy;
521;Przeciętne miesięczne wydatki na towary i usługi konsumpcyjne na 1 osobę w gospodarstwach domowych;285;"Polska; Towary i usługi konsumpcyjne; Grupa społeczno-ekonomiczna (BGD); Wielkość gospodarstwa domowego";33617;POLSKA;180;[zł];267;Grupa społeczno-ekonomiczna (BGD);630877;Gospodarstwa domowe pracujących na własny rachunek;274;Wielkość gospodarstwa domowego;6902052;Ogółem;295;Towary i usługi konsumpcyjne;6901937;Transport;;;;;;;;;;;;;;;;;;;;;282;2013;2013 ;150,11;ND;Nie dotyczy;nd;Dane jawne;nd;Nie dotyczy;
521;Przeciętne miesięczne wydatki na towary i usługi konsumpcyjne na 1 osobę w gospodarstwach domowych;285;"Polska; Towary i usługi konsumpcyjne; Grupa społeczno-ekonomiczna (BGD); Wielkość gospodarstwa domowego";33617;POLSKA;180;[zł];267;Grupa społeczno-ekonomiczna (BGD);630877;Gospodarstwa domowe pracujących na własny rachunek;274;Wielkość gospodarstwa domowego;6902052;Ogółem;295;Towary i usługi konsumpcyjne;6901940;Łączność;;;;;;;;;;;;;;;;;;;;;282;2013;2013 ;68,25;ND;Nie dotyczy;nd;Dane jawne;nd;Nie dotyczy;
521;Przeciętne miesięczne wydatki na towary i usługi konsumpcyjne na 1 osobę w gospodarstwach domowych;285;"Polska; Towary i usługi konsumpcyjne; Grupa społeczno-ekonomiczna (BGD); Wielkość gospodarstwa domowego";33617;POLSKA;180;[zł];267;Grupa społeczno-ekonomiczna (BGD);630877;Gospodarstwa domowe pracujących na własny rachunek;274;Wielkość gospodarstwa domowego;6902052;Ogółem;295;Towary i usługi konsumpcyjne;6901945;Rekreacja i kultura;;;;;;;;;;;;;;;;;;;;;282;2013;2013 ;104,94;ND;Nie dotyczy;nd;Dane jawne;nd;Nie dotyczy;
521;Przeciętne miesięczne wydatki na towary i usługi konsumpcyjne na 1 osobę w gospodarstwach domowych;285;"Polska; Towary i usługi konsumpcyjne; Grupa społeczno-ekonomiczna (BGD); Wielkość gospodarstwa domowego";33617;POLSKA;180;[zł];267;Grupa społeczno-ekonomiczna (BGD);630877;Gospodarstwa domowe pracujących na własny rachunek;274;Wielkość gospodarstwa domowego;6902052;Ogółem;295;Towary i usługi konsumpcyjne;6901956;Edukacja;;;;;;;;;;;;;;;;;;;;;282;2013;2013 ;21,79;ND;Nie dotyczy;nd;Dane jawne;nd;Nie dotyczy;
521;Przeciętne miesięczne wydatki na towary i usługi konsumpcyjne na 1 osobę w gospodarstwach domowych;285;"Polska; Towary i usługi konsumpcyjne; Grupa społeczno-ekonomiczna (BGD); Wielkość gospodarstwa domowego";33617;POLSKA;180;[zł];267;Grupa społeczno-ekonomiczna (BGD);630877;Gospodarstwa domowe pracujących na własny rachunek;274;Wielkość gospodarstwa domowego;6902052;Ogółem;295;Towary i usługi konsumpcyjne;6901962;Restauracje i hotele;;;;;;;;;;;;;;;;;;;;;282;2013;2013 ;54,4;ND;Nie dotyczy;nd;Dane jawne;nd;Nie dotyczy;
521;Przeciętne miesięczne wydatki na towary i usługi konsumpcyjne na 1 osobę w gospodarstwach domowych;285;"Polska; Towary i usługi konsumpcyjne; Grupa społeczno-ekonomiczna (BGD); Wielkość gospodarstwa domowego";33617;POLSKA;180;[zł];267;Grupa społeczno-ekonomiczna (BGD);630877;Gospodarstwa domowe pracujących na własny rachunek;274;Wielkość gospodarstwa domowego;6902052;Ogółem;295;Towary i usługi konsumpcyjne;6901966;Pozostałe wydatki na towary i usługi;;;;;;;;;;;;;;;;;;;;;282;2013;2013 ;79,42;ND;Nie dotyczy;nd;Dane jawne;nd;Nie dotyczy;
521;Przeciętne miesięczne wydatki na towary i usługi konsumpcyjne na 1 osobę w gospodarstwach domowych;285;"Polska; Towary i usługi konsumpcyjne; Grupa społeczno-ekonomiczna (BGD); Wielkość gospodarstwa domowego";33617;POLSKA;180;[zł];267;Grupa społeczno-ekonomiczna (BGD);630877;Gospodarstwa domowe pracujących na własny rachunek;274;Wielkość gospodarstwa domowego;6902052;Ogółem;295;Towary i usługi konsumpcyjne;6901981;Kieszonkowe;;;;;;;;;;;;;;;;;;;;;282;2013;2013 ;17,23;ND;Nie dotyczy;nd;Dane jawne;nd;Nie dotyczy;
521;Przeciętne miesięczne wydatki na towary i usługi konsumpcyjne na 1 osobę w gospodarstwach domowych;285;"Polska; Towary i usługi konsumpcyjne; Grupa społeczno-ekonomiczna (BGD); Wielkość gospodarstwa domowego";33617;POLSKA;180;[zł];267;Grupa społeczno-ekonomiczna (BGD);630877;Gospodarstwa domowe pracujących na własny rachunek;274;Wielkość gospodarstwa domowego;6902052;Ogółem;295;Towary i usługi konsumpcyjne;6901848;Żywność i napoje bezalkoholowe;;;;;;;;;;;;;;;;;;;;;282;2014;2014 ;271,7;ND;Nie dotyczy;nd;Dane jawne;nd;Nie dotyczy;
521;Przeciętne miesięczne wydatki na towary i usługi konsumpcyjne na 1 osobę w gospodarstwach domowych;285;"Polska; Towary i usługi konsumpcyjne; Grupa społeczno-ekonomiczna (BGD); Wielkość gospodarstwa domowego";33617;POLSKA;180;[zł];267;Grupa społeczno-ekonomiczna (BGD);630877;Gospodarstwa domowe pracujących na własny rachunek;274;Wielkość gospodarstwa domowego;6902052;Ogółem;295;Towary i usługi konsumpcyjne;6901908;Napoje alkoholowe, wyroby tytoniowe i narkotyki;;;;;;;;;;;;;;;;;;;;;282;2014;2014 ;30,14;ND;Nie dotyczy;nd;Dane jawne;nd;Nie dotyczy;
521;Przeciętne miesięczne wydatki na towary i usługi konsumpcyjne na 1 osobę w gospodarstwach domowych;285;"Polska; Towary i usługi konsumpcyjne; Grupa społeczno-ekonomiczna (BGD); Wielkość gospodarstwa domowego";33617;POLSKA;180;[zł];267;Grupa społeczno-ekonomiczna (BGD);630877;Gospodarstwa domowe pracujących na własny rachunek;274;Wielkość gospodarstwa domowego;6902052;Ogółem;295;Towary i usługi konsumpcyjne;6901914;Odzież i obuwie;;;;;;;;;;;;;;;;;;;;;282;2014;2014 ;91,11;ND;Nie dotyczy;nd;Dane jawne;nd;Nie dotyczy;
521;Przeciętne miesięczne wydatki na towary i usługi konsumpcyjne na 1 osobę w gospodarstwach domowych;285;"Polska; Towary i usługi konsumpcyjne; Grupa społeczno-ekonomiczna (BGD); Wielkość gospodarstwa domowego";33617;POLSKA;180;[zł];267;Grupa społeczno-ekonomiczna (BGD);630877;Gospodarstwa domowe pracujących na własny rachunek;274;Wielkość gospodarstwa domowego;6902052;Ogółem;295;Towary i usługi konsumpcyjne;6901917;Użytkowanie mieszkania lub domu i nośniki energii;;;;;;;;;;;;;;;;;;;;;282;2014;2014 ;232,87;ND;Nie dotyczy;nd;Dane jawne;nd;Nie dotyczy;
521;Przeciętne miesięczne wydatki na towary i usługi konsumpcyjne na 1 osobę w gospodarstwach domowych;285;"Polska; Towary i usługi konsumpcyjne; Grupa społeczno-ekonomiczna (BGD); Wielkość gospodarstwa domowego";33617;POLSKA;180;[zł];267;Grupa społeczno-ekonomiczna (BGD);630877;Gospodarstwa domowe pracujących na własny rachunek;274;Wielkość gospodarstwa domowego;6902052;Ogółem;295;Towary i usługi konsumpcyjne;6901925;Wyposażenie mieszkania i prowadzenie gospodarstwa domowego;;;;;;;;;;;;;;;;;;;;;282;2014;2014 ;69,81;ND;Nie dotyczy;nd;Dane jawne;nd;Nie dotyczy;
521;Przeciętne miesięczne wydatki na towary i usługi konsumpcyjne na 1 osobę w gospodarstwach domowych;285;"Polska; Towary i usługi konsumpcyjne; Grupa społeczno-ekonomiczna (BGD); Wielkość gospodarstwa domowego";33617;POLSKA;180;[zł];267;Grupa społeczno-ekonomiczna (BGD);630877;Gospodarstwa domowe pracujących na własny rachunek;274;Wielkość gospodarstwa domowego;6902052;Ogółem;295;Towary i usługi konsumpcyjne;6901933;Zdrowie;;;;;;;;;;;;;;;;;;;;;282;2014;2014 ;52,62;ND;Nie dotyczy;nd;Dane jawne;nd;Nie dotyczy;
521;Przeciętne miesięczne wydatki na towary i usługi konsumpcyjne na 1 osobę w gospodarstwach domowych;285;"Polska; Towary i usługi konsumpcyjne; Grupa społeczno-ekonomiczna (BGD); Wielkość gospodarstwa domowego";33617;POLSKA;180;[zł];267;Grupa społeczno-ekonomiczna (BGD);630877;Gospodarstwa domowe pracujących na własny rachunek;274;Wielkość gospodarstwa domowego;6902052;Ogółem;295;Towary i usługi konsumpcyjne;6901937;Transport;;;;;;;;;;;;;;;;;;;;;282;2014;2014 ;133,15;ND;Nie dotyczy;nd;Dane jawne;nd;Nie dotyczy;
521;Przeciętne miesięczne wydatki na towary i usługi konsumpcyjne na 1 osobę w gospodarstwach domowych;285;"Polska; Towary i usługi konsumpcyjne; Grupa społeczno-ekonomiczna (BGD); Wielkość gospodarstwa domowego";33617;POLSKA;180;[zł];267;Grupa społeczno-ekonomiczna (BGD);630877;Gospodarstwa domowe pracujących na własny rachunek;274;Wielkość gospodarstwa domowego;6902052;Ogółem;295;Towary i usługi konsumpcyjne;6901940;Łączność;;;;;;;;;;;;;;;;;;;;;282;2014;2014 ;65,72;ND;Nie dotyczy;nd;Dane jawne;nd;Nie dotyczy;
521;Przeciętne miesięczne wydatki na towary i usługi konsumpcyjne na 1 osobę w gospodarstwach domowych;285;"Polska; Towary i usługi konsumpcyjne; Grupa społeczno-ekonomiczna (BGD); Wielkość gospodarstwa domowego";33617;POLSKA;180;[zł];267;Grupa społeczno-ekonomiczna (BGD);630877;Gospodarstwa domowe pracujących na własny rachunek;274;Wielkość gospodarstwa domowego;6902052;Ogółem;295;Towary i usługi konsumpcyjne;6901945;Rekreacja i kultura;;;;;;;;;;;;;;;;;;;;;282;2014;2014 ;111,08;ND;Nie dotyczy;nd;Dane jawne;nd;Nie dotyczy;
521;Przeciętne miesięczne wydatki na towary i usługi konsumpcyjne na 1 osobę w gospodarstwach domowych;285;"Polska; Towary i usługi konsumpcyjne; Grupa społeczno-ekonomiczna (BGD); Wielkość gospodarstwa domowego";33617;POLSKA;180;[zł];267;Grupa społeczno-ekonomiczna (BGD);630877;Gospodarstwa domowe pracujących na własny rachunek;274;Wielkość gospodarstwa domowego;6902052;Ogółem;295;Towary i usługi konsumpcyjne;6901956;Edukacja;;;;;;;;;;;;;;;;;;;;;282;2014;2014 ;21,74;ND;Nie dotyczy;nd;Dane jawne;nd;Nie dotyczy;
521;Przeciętne miesięczne wydatki na towary i usługi konsumpcyjne na 1 osobę w gospodarstwach domowych;285;"Polska; Towary i usługi konsumpcyjne; Grupa społeczno-ekonomiczna (BGD); Wielkość gospodarstwa domowego";33617;POLSKA;180;[zł];267;Grupa społeczno-ekonomiczna (BGD);630877;Gospodarstwa domowe pracujących na własny rachunek;274;Wielkość gospodarstwa domowego;6902052;Ogółem;295;Towary i usługi konsumpcyjne;6901962;Restauracje i hotele;;;;;;;;;;;;;;;;;;;;;282;2014;2014 ;72,38;ND;Nie dotyczy;nd;Dane jawne;nd;Nie dotyczy;
521;Przeciętne miesięczne wydatki na towary i usługi konsumpcyjne na 1 osobę w gospodarstwach domowych;285;"Polska; Towary i usługi konsumpcyjne; Grupa społeczno-ekonomiczna (BGD); Wielkość gospodarstwa domowego";33617;POLSKA;180;[zł];267;Grupa społeczno-ekonomiczna (BGD);630877;Gospodarstwa domowe pracujących na własny rachunek;274;Wielkość gospodarstwa domowego;6902052;Ogółem;295;Towary i usługi konsumpcyjne;6901966;Pozostałe wydatki na towary i usługi;;;;;;;;;;;;;;;;;;;;;282;2014;2014 ;79,3;ND;Nie dotyczy;nd;Dane jawne;nd;Nie dotyczy;
521;Przeciętne miesięczne wydatki na towary i usługi konsumpcyjne na 1 osobę w gospodarstwach domowych;285;"Polska; Towary i usługi konsumpcyjne; Grupa społeczno-ekonomiczna (BGD); Wielkość gospodarstwa domowego";33617;POLSKA;180;[zł];267;Grupa społeczno-ekonomiczna (BGD);630877;Gospodarstwa domowe pracujących na własny rachunek;274;Wielkość gospodarstwa domowego;6902052;Ogółem;295;Towary i usługi konsumpcyjne;6901981;Kieszonkowe;;;;;;;;;;;;;;;;;;;;;282;2014;2014 ;14,47;ND;Nie dotyczy;nd;Dane jawne;nd;Nie dotyczy;
521;Przeciętne miesięczne wydatki na towary i usługi konsumpcyjne na 1 osobę w gospodarstwach domowych;285;"Polska; Towary i usługi konsumpcyjne; Grupa społeczno-ekonomiczna (BGD); Wielkość gospodarstwa domowego";33617;POLSKA;180;[zł];267;Grupa społeczno-ekonomiczna (BGD);630877;Gospodarstwa domowe pracujących na własny rachunek;274;Wielkość gospodarstwa domowego;6902052;Ogółem;295;Towary i usługi konsumpcyjne;6901848;Żywność i napoje bezalkoholowe;;;;;;;;;;;;;;;;;;;;;282;2015;2015 ;268,91;ND;Nie dotyczy;nd;Dane jawne;nd;Nie dotyczy;
521;Przeciętne miesięczne wydatki na towary i usługi konsumpcyjne na 1 osobę w gospodarstwach domowych;285;"Polska; Towary i usługi konsumpcyjne; Grupa społeczno-ekonomiczna (BGD); Wielkość gospodarstwa domowego";33617;POLSKA;180;[zł];267;Grupa społeczno-ekonomiczna (BGD);630877;Gospodarstwa domowe pracujących na własny rachunek;274;Wielkość gospodarstwa domowego;6902052;Ogółem;295;Towary i usługi konsumpcyjne;6901908;Napoje alkoholowe, wyroby tytoniowe i narkotyki;;;;;;;;;;;;;;;;;;;;;282;2015;2015 ;29,81;ND;Nie dotyczy;nd;Dane jawne;nd;Nie dotyczy;
521;Przeciętne miesięczne wydatki na towary i usługi konsumpcyjne na 1 osobę w gospodarstwach domowych;285;"Polska; Towary i usługi konsumpcyjne; Grupa społeczno-ekonomiczna (BGD); Wielkość gospodarstwa domowego";33617;POLSKA;180;[zł];267;Grupa społeczno-ekonomiczna (BGD);630877;Gospodarstwa domowe pracujących na własny rachunek;274;Wielkość gospodarstwa domowego;6902052;Ogółem;295;Towary i usługi konsumpcyjne;6901914;Odzież i obuwie;;;;;;;;;;;;;;;;;;;;;282;2015;2015 ;86,3;ND;Nie dotyczy;nd;Dane jawne;nd;Nie dotyczy;
521;Przeciętne miesięczne wydatki na towary i usługi konsumpcyjne na 1 osobę w gospodarstwach domowych;285;"Polska; Towary i usługi konsumpcyjne; Grupa społeczno-ekonomiczna (BGD); Wielkość gospodarstwa domowego";33617;POLSKA;180;[zł];267;Grupa społeczno-ekonomiczna (BGD);630877;Gospodarstwa domowe pracujących na własny rachunek;274;Wielkość gospodarstwa domowego;6902052;Ogółem;295;Towary i usługi konsumpcyjne;6901917;Użytkowanie mieszkania lub domu i nośniki energii;;;;;;;;;;;;;;;;;;;;;282;2015;2015 ;235,04;ND;Nie dotyczy;nd;Dane jawne;nd;Nie dotyczy;
521;Przeciętne miesięczne wydatki na towary i usługi konsumpcyjne na 1 osobę w gospodarstwach domowych;285;"Polska; Towary i usługi konsumpcyjne; Grupa społeczno-ekonomiczna (BGD); Wielkość gospodarstwa domowego";33617;POLSKA;180;[zł];267;Grupa społeczno-ekonomiczna (BGD);630877;Gospodarstwa domowe pracujących na własny rachunek;274;Wielkość gospodarstwa domowego;6902052;Ogółem;295;Towary i usługi konsumpcyjne;6901925;Wyposażenie mieszkania i prowadzenie gospodarstwa domowego;;;;;;;;;;;;;;;;;;;;;282;2015;2015 ;75,42;ND;Nie dotyczy;nd;Dane jawne;nd;Nie dotyczy;
521;Przeciętne miesięczne wydatki na towary i usługi konsumpcyjne na 1 osobę w gospodarstwach domowych;285;"Polska; Towary i usługi konsumpcyjne; Grupa społeczno-ekonomiczna (BGD); Wielkość gospodarstwa domowego";33617;POLSKA;180;[zł];267;Grupa społeczno-ekonomiczna (BGD);630877;Gospodarstwa domowe pracujących na własny rachunek;274;Wielkość gospodarstwa domowego;6902052;Ogółem;295;Towary i usługi konsumpcyjne;6901933;Zdrowie;;;;;;;;;;;;;;;;;;;;;282;2015;2015 ;58,04;ND;Nie dotyczy;nd;Dane jawne;nd;Nie dotyczy;
521;Przeciętne miesięczne wydatki na towary i usługi konsumpcyjne na 1 osobę w gospodarstwach domowych;285;"Polska; Towary i usługi konsumpcyjne; Grupa społeczno-ekonomiczna (BGD); Wielkość gospodarstwa domowego";33617;POLSKA;180;[zł];267;Grupa społeczno-ekonomiczna (BGD);630877;Gospodarstwa domowe pracujących na własny rachunek;274;Wielkość gospodarstwa domowego;6902052;Ogółem;295;Towary i usługi konsumpcyjne;6901937;Transport;;;;;;;;;;;;;;;;;;;;;282;2015;2015 ;125,52;ND;Nie dotyczy;nd;Dane jawne;nd;Nie dotyczy;
521;Przeciętne miesięczne wydatki na towary i usługi konsumpcyjne na 1 osobę w gospodarstwach domowych;285;"Polska; Towary i usługi konsumpcyjne; Grupa społeczno-ekonomiczna (BGD); Wielkość gospodarstwa domowego";33617;POLSKA;180;[zł];267;Grupa społeczno-ekonomiczna (BGD);630877;Gospodarstwa domowe pracujących na własny rachunek;274;Wielkość gospodarstwa domowego;6902052;Ogółem;295;Towary i usługi konsumpcyjne;6901940;Łączność;;;;;;;;;;;;;;;;;;;;;282;2015;2015 ;66,54;ND;Nie dotyczy;nd;Dane jawne;nd;Nie dotyczy;
521;Przeciętne miesięczne wydatki na towary i usługi konsumpcyjne na 1 osobę w gospodarstwach domowych;285;"Polska; Towary i usługi konsumpcyjne; Grupa społeczno-ekonomiczna (BGD); Wielkość gospodarstwa domowego";33617;POLSKA;180;[zł];267;Grupa społeczno-ekonomiczna (BGD);630877;Gospodarstwa domowe pracujących na własny rachunek;274;Wielkość gospodarstwa domowego;6902052;Ogółem;295;Towary i usługi konsumpcyjne;6901945;Rekreacja i kultura;;;;;;;;;;;;;;;;;;;;;282;2015;2015 ;116,35;ND;Nie dotyczy;nd;Dane jawne;nd;Nie dotyczy;
521;Przeciętne miesięczne wydatki na towary i usługi konsumpcyjne na 1 osobę w gospodarstwach domowych;285;"Polska; Towary i usługi konsumpcyjne; Grupa społeczno-ekonomiczna (BGD); Wielkość gospodarstwa domowego";33617;POLSKA;180;[zł];267;Grupa społeczno-ekonomiczna (BGD);630877;Gospodarstwa domowe pracujących na własny rachunek;274;Wielkość gospodarstwa domowego;6902052;Ogółem;295;Towary i usługi konsumpcyjne;6901956;Edukacja;;;;;;;;;;;;;;;;;;;;;282;2015;2015 ;20,22;ND;Nie dotyczy;nd;Dane jawne;nd;Nie dotyczy;
521;Przeciętne miesięczne wydatki na towary i usługi konsumpcyjne na 1 osobę w gospodarstwach domowych;285;"Polska; Towary i usługi konsumpcyjne; Grupa społeczno-ekonomiczna (BGD); Wielkość gospodarstwa domowego";33617;POLSKA;180;[zł];267;Grupa społeczno-ekonomiczna (BGD);630877;Gospodarstwa domowe pracujących na własny rachunek;274;Wielkość gospodarstwa domowego;6902052;Ogółem;295;Towary i usługi konsumpcyjne;6901962;Restauracje i hotele;;;;;;;;;;;;;;;;;;;;;282;2015;2015 ;73,52;ND;Nie dotyczy;nd;Dane jawne;nd;Nie dotyczy;
521;Przeciętne miesięczne wydatki na towary i usługi konsumpcyjne na 1 osobę w gospodarstwach domowych;285;"Polska; Towary i usługi konsumpcyjne; Grupa społeczno-ekonomiczna (BGD); Wielkość gospodarstwa domowego";33617;POLSKA;180;[zł];267;Grupa społeczno-ekonomiczna (BGD);630877;Gospodarstwa domowe pracujących na własny rachunek;274;Wielkość gospodarstwa domowego;6902052;Ogółem;295;Towary i usługi konsumpcyjne;6901966;Pozostałe wydatki na towary i usługi;;;;;;;;;;;;;;;;;;;;;282;2015;2015 ;78,87;ND;Nie dotyczy;nd;Dane jawne;nd;Nie dotyczy;
521;Przeciętne miesięczne wydatki na towary i usługi konsumpcyjne na 1 osobę w gospodarstwach domowych;285;"Polska; Towary i usługi konsumpcyjne; Grupa społeczno-ekonomiczna (BGD); Wielkość gospodarstwa domowego";33617;POLSKA;180;[zł];267;Grupa społeczno-ekonomiczna (BGD);630877;Gospodarstwa domowe pracujących na własny rachunek;274;Wielkość gospodarstwa domowego;6902052;Ogółem;295;Towary i usługi konsumpcyjne;6901981;Kieszonkowe;;;;;;;;;;;;;;;;;;;;;282;2015;2015 ;15,66;ND;Nie dotyczy;nd;Dane jawne;nd;Nie dotyczy;
521;Przeciętne miesięczne wydatki na towary i usługi konsumpcyjne na 1 osobę w gospodarstwach domowych;285;"Polska; Towary i usługi konsumpcyjne; Grupa społeczno-ekonomiczna (BGD); Wielkość gospodarstwa domowego";33617;POLSKA;180;[zł];267;Grupa społeczno-ekonomiczna (BGD);630877;Gospodarstwa domowe pracujących na własny rachunek;274;Wielkość gospodarstwa domowego;6902052;Ogółem;295;Towary i usługi konsumpcyjne;6901848;Żywność i napoje bezalkoholowe;;;;;;;;;;;;;;;;;;;;;282;2016;2016 ;274,29;ND;Nie dotyczy;nd;Dane jawne;nd;Nie dotyczy;
521;Przeciętne miesięczne wydatki na towary i usługi konsumpcyjne na 1 osobę w gospodarstwach domowych;285;"Polska; Towary i usługi konsumpcyjne; Grupa społeczno-ekonomiczna (BGD); Wielkość gospodarstwa domowego";33617;POLSKA;180;[zł];267;Grupa społeczno-ekonomiczna (BGD);630877;Gospodarstwa domowe pracujących na własny rachunek;274;Wielkość gospodarstwa domowego;6902052;Ogółem;295;Towary i usługi konsumpcyjne;6901908;Napoje alkoholowe, wyroby tytoniowe i narkotyki;;;;;;;;;;;;;;;;;;;;;282;2016;2016 ;29,18;ND;Nie dotyczy;nd;Dane jawne;nd;Nie dotyczy;
521;Przeciętne miesięczne wydatki na towary i usługi konsumpcyjne na 1 osobę w gospodarstwach domowych;285;"Polska; Towary i usługi konsumpcyjne; Grupa społeczno-ekonomiczna (BGD); Wielkość gospodarstwa domowego";33617;POLSKA;180;[zł];267;Grupa społeczno-ekonomiczna (BGD);630877;Gospodarstwa domowe pracujących na własny rachunek;274;Wielkość gospodarstwa domowego;6902052;Ogółem;295;Towary i usługi konsumpcyjne;6901914;Odzież i obuwie;;;;;;;;;;;;;;;;;;;;;282;2016;2016 ;92;ND;Nie dotyczy;nd;Dane jawne;nd;Nie dotyczy;
521;Przeciętne miesięczne wydatki na towary i usługi konsumpcyjne na 1 osobę w gospodarstwach domowych;285;"Polska; Towary i usługi konsumpcyjne; Grupa społeczno-ekonomiczna (BGD); Wielkość gospodarstwa domowego";33617;POLSKA;180;[zł];267;Grupa społeczno-ekonomiczna (BGD);630877;Gospodarstwa domowe pracujących na własny rachunek;274;Wielkość gospodarstwa domowego;6902052;Ogółem;295;Towary i usługi konsumpcyjne;6901917;Użytkowanie mieszkania lub domu i nośniki energii;;;;;;;;;;;;;;;;;;;;;282;2016;2016 ;236,45;ND;Nie dotyczy;nd;Dane jawne;nd;Nie dotyczy;
521;Przeciętne miesięczne wydatki na towary i usługi konsumpcyjne na 1 osobę w gospodarstwach domowych;285;"Polska; Towary i usługi konsumpcyjne; Grupa społeczno-ekonomiczna (BGD); Wielkość gospodarstwa domowego";33617;POLSKA;180;[zł];267;Grupa społeczno-ekonomiczna (BGD);630877;Gospodarstwa domowe pracujących na własny rachunek;274;Wielkość gospodarstwa domowego;6902052;Ogółem;295;Towary i usługi konsumpcyjne;6901925;Wyposażenie mieszkania i prowadzenie gospodarstwa domowego;;;;;;;;;;;;;;;;;;;;;282;2016;2016 ;73,15;ND;Nie dotyczy;nd;Dane jawne;nd;Nie dotyczy;
521;Przeciętne miesięczne wydatki na towary i usługi konsumpcyjne na 1 osobę w gospodarstwach domowych;285;"Polska; Towary i usługi konsumpcyjne; Grupa społeczno-ekonomiczna (BGD); Wielkość gospodarstwa domowego";33617;POLSKA;180;[zł];267;Grupa społeczno-ekonomiczna (BGD);630877;Gospodarstwa domowe pracujących na własny rachunek;274;Wielkość gospodarstwa domowego;6902052;Ogółem;295;Towary i usługi konsumpcyjne;6901933;Zdrowie;;;;;;;;;;;;;;;;;;;;;282;2016;2016 ;58,76;ND;Nie dotyczy;nd;Dane jawne;nd;Nie dotyczy;
521;Przeciętne miesięczne wydatki na towary i usługi konsumpcyjne na 1 osobę w gospodarstwach domowych;285;"Polska; Towary i usługi konsumpcyjne; Grupa społeczno-ekonomiczna (BGD); Wielkość gospodarstwa domowego";33617;POLSKA;180;[zł];267;Grupa społeczno-ekonomiczna (BGD);630877;Gospodarstwa domowe pracujących na własny rachunek;274;Wielkość gospodarstwa domowego;6902052;Ogółem;295;Towary i usługi konsumpcyjne;6901937;Transport;;;;;;;;;;;;;;;;;;;;;282;2016;2016 ;118,21;ND;Nie dotyczy;nd;Dane jawne;nd;Nie dotyczy;
521;Przeciętne miesięczne wydatki na towary i usługi konsumpcyjne na 1 osobę w gospodarstwach domowych;285;"Polska; Towary i usługi konsumpcyjne; Grupa społeczno-ekonomiczna (BGD); Wielkość gospodarstwa domowego";33617;POLSKA;180;[zł];267;Grupa społeczno-ekonomiczna (BGD);630877;Gospodarstwa domowe pracujących na własny rachunek;274;Wielkość gospodarstwa domowego;6902052;Ogółem;295;Towary i usługi konsumpcyjne;6901940;Łączność;;;;;;;;;;;;;;;;;;;;;282;2016;2016 ;65,02;ND;Nie dotyczy;nd;Dane jawne;nd;Nie dotyczy;
521;Przeciętne miesięczne wydatki na towary i usługi konsumpcyjne na 1 osobę w gospodarstwach domowych;285;"Polska; Towary i usługi konsumpcyjne; Grupa społeczno-ekonomiczna (BGD); Wielkość gospodarstwa domowego";33617;POLSKA;180;[zł];267;Grupa społeczno-ekonomiczna (BGD);630877;Gospodarstwa domowe pracujących na własny rachunek;274;Wielkość gospodarstwa domowego;6902052;Ogółem;295;Towary i usługi konsumpcyjne;6901945;Rekreacja i kultura;;;;;;;;;;;;;;;;;;;;;282;2016;2016 ;127,42;ND;Nie dotyczy;nd;Dane jawne;nd;Nie dotyczy;
521;Przeciętne miesięczne wydatki na towary i usługi konsumpcyjne na 1 osobę w gospodarstwach domowych;285;"Polska; Towary i usługi konsumpcyjne; Grupa społeczno-ekonomiczna (BGD); Wielkość gospodarstwa domowego";33617;POLSKA;180;[zł];267;Grupa społeczno-ekonomiczna (BGD);630877;Gospodarstwa domowe pracujących na własny rachunek;274;Wielkość gospodarstwa domowego;6902052;Ogółem;295;Towary i usługi konsumpcyjne;6901956;Edukacja;;;;;;;;;;;;;;;;;;;;;282;2016;2016 ;20;ND;Nie dotyczy;nd;Dane jawne;nd;Nie dotyczy;
521;Przeciętne miesięczne wydatki na towary i usługi konsumpcyjne na 1 osobę w gospodarstwach domowych;285;"Polska; Towary i usługi konsumpcyjne; Grupa społeczno-ekonomiczna (BGD); Wielkość gospodarstwa domowego";33617;POLSKA;180;[zł];267;Grupa społeczno-ekonomiczna (BGD);630877;Gospodarstwa domowe pracujących na własny rachunek;274;Wielkość gospodarstwa domowego;6902052;Ogółem;295;Towary i usługi konsumpcyjne;6901962;Restauracje i hotele;;;;;;;;;;;;;;;;;;;;;282;2016;2016 ;72,57;ND;Nie dotyczy;nd;Dane jawne;nd;Nie dotyczy;
521;Przeciętne miesięczne wydatki na towary i usługi konsumpcyjne na 1 osobę w gospodarstwach domowych;285;"Polska; Towary i usługi konsumpcyjne; Grupa społeczno-ekonomiczna (BGD); Wielkość gospodarstwa domowego";33617;POLSKA;180;[zł];267;Grupa społeczno-ekonomiczna (BGD);630877;Gospodarstwa domowe pracujących na własny rachunek;274;Wielkość gospodarstwa domowego;6902052;Ogółem;295;Towary i usługi konsumpcyjne;6901966;Pozostałe wydatki na towary i usługi;;;;;;;;;;;;;;;;;;;;;282;2016;2016 ;81,27;ND;Nie dotyczy;nd;Dane jawne;nd;Nie dotyczy;
521;Przeciętne miesięczne wydatki na towary i usługi konsumpcyjne na 1 osobę w gospodarstwach domowych;285;"Polska; Towary i usługi konsumpcyjne; Grupa społeczno-ekonomiczna (BGD); Wielkość gospodarstwa domowego";33617;POLSKA;180;[zł];267;Grupa społeczno-ekonomiczna (BGD);630877;Gospodarstwa domowe pracujących na własny rachunek;274;Wielkość gospodarstwa domowego;6902052;Ogółem;295;Towary i usługi konsumpcyjne;6901981;Kieszonkowe;;;;;;;;;;;;;;;;;;;;;282;2016;2016 ;15,73;ND;Nie dotyczy;nd;Dane jawne;nd;Nie dotyczy;
521;Przeciętne miesięczne wydatki na towary i usługi konsumpcyjne na 1 osobę w gospodarstwach domowych;285;"Polska; Towary i usługi konsumpcyjne; Grupa społeczno-ekonomiczna (BGD); Wielkość gospodarstwa domowego";33617;POLSKA;180;[zł];267;Grupa społeczno-ekonomiczna (BGD);630877;Gospodarstwa domowe pracujących na własny rachunek;274;Wielkość gospodarstwa domowego;6902052;Ogółem;295;Towary i usługi konsumpcyjne;6901848;Żywność i napoje bezalkoholowe;;;;;;;;;;;;;;;;;;;;;282;2017;2017 ;286,07;ND;Nie dotyczy;nd;Dane jawne;nd;Nie dotyczy;
521;Przeciętne miesięczne wydatki na towary i usługi konsumpcyjne na 1 osobę w gospodarstwach domowych;285;"Polska; Towary i usługi konsumpcyjne; Grupa społeczno-ekonomiczna (BGD); Wielkość gospodarstwa domowego";33617;POLSKA;180;[zł];267;Grupa społeczno-ekonomiczna (BGD);630877;Gospodarstwa domowe pracujących na własny rachunek;274;Wielkość gospodarstwa domowego;6902052;Ogółem;295;Towary i usługi konsumpcyjne;6901908;Napoje alkoholowe, wyroby tytoniowe i narkotyki;;;;;;;;;;;;;;;;;;;;;282;2017;2017 ;29,72;ND;Nie dotyczy;nd;Dane jawne;nd;Nie dotyczy;
521;Przeciętne miesięczne wydatki na towary i usługi konsumpcyjne na 1 osobę w gospodarstwach domowych;285;"Polska; Towary i usługi konsumpcyjne; Grupa społeczno-ekonomiczna (BGD); Wielkość gospodarstwa domowego";33617;POLSKA;180;[zł];267;Grupa społeczno-ekonomiczna (BGD);630877;Gospodarstwa domowe pracujących na własny rachunek;274;Wielkość gospodarstwa domowego;6902052;Ogółem;295;Towary i usługi konsumpcyjne;6901914;Odzież i obuwie;;;;;;;;;;;;;;;;;;;;;282;2017;2017 ;91,11;ND;Nie dotyczy;nd;Dane jawne;nd;Nie dotyczy;
521;Przeciętne miesięczne wydatki na towary i usługi konsumpcyjne na 1 osobę w gospodarstwach domowych;285;"Polska; Towary i usługi konsumpcyjne; Grupa społeczno-ekonomiczna (BGD); Wielkość gospodarstwa domowego";33617;POLSKA;180;[zł];267;Grupa społeczno-ekonomiczna (BGD);630877;Gospodarstwa domowe pracujących na własny rachunek;274;Wielkość gospodarstwa domowego;6902052;Ogółem;295;Towary i usługi konsumpcyjne;6901917;Użytkowanie mieszkania lub domu i nośniki energii;;;;;;;;;;;;;;;;;;;;;282;2017;2017 ;232,72;ND;Nie dotyczy;nd;Dane jawne;nd;Nie dotyczy;
521;Przeciętne miesięczne wydatki na towary i usługi konsumpcyjne na 1 osobę w gospodarstwach domowych;285;"Polska; Towary i usługi konsumpcyjne; Grupa społeczno-ekonomiczna (BGD); Wielkość gospodarstwa domowego";33617;POLSKA;180;[zł];267;Grupa społeczno-ekonomiczna (BGD);630877;Gospodarstwa domowe pracujących na własny rachunek;274;Wielkość gospodarstwa domowego;6902052;Ogółem;295;Towary i usługi konsumpcyjne;6901925;Wyposażenie mieszkania i prowadzenie gospodarstwa domowego;;;;;;;;;;;;;;;;;;;;;282;2017;2017 ;71,25;ND;Nie dotyczy;nd;Dane jawne;nd;Nie dotyczy;
521;Przeciętne miesięczne wydatki na towary i usługi konsumpcyjne na 1 osobę w gospodarstwach domowych;285;"Polska; Towary i usługi konsumpcyjne; Grupa społeczno-ekonomiczna (BGD); Wielkość gospodarstwa domowego";33617;POLSKA;180;[zł];267;Grupa społeczno-ekonomiczna (BGD);630877;Gospodarstwa domowe pracujących na własny rachunek;274;Wielkość gospodarstwa domowego;6902052;Ogółem;295;Towary i usługi konsumpcyjne;6901933;Zdrowie;;;;;;;;;;;;;;;;;;;;;282;2017;2017 ;62,75;ND;Nie dotyczy;nd;Dane jawne;nd;Nie dotyczy;
521;Przeciętne miesięczne wydatki na towary i usługi konsumpcyjne na 1 osobę w gospodarstwach domowych;285;"Polska; Towary i usługi konsumpcyjne; Grupa społeczno-ekonomiczna (BGD); Wielkość gospodarstwa domowego";33617;POLSKA;180;[zł];267;Grupa społeczno-ekonomiczna (BGD);630877;Gospodarstwa domowe pracujących na własny rachunek;274;Wielkość gospodarstwa domowego;6902052;Ogółem;295;Towary i usługi konsumpcyjne;6901937;Transport;;;;;;;;;;;;;;;;;;;;;282;2017;2017 ;124,55;ND;Nie dotyczy;nd;Dane jawne;nd;Nie dotyczy;
521;Przeciętne miesięczne wydatki na towary i usługi konsumpcyjne na 1 osobę w gospodarstwach domowych;285;"Polska; Towary i usługi konsumpcyjne; Grupa społeczno-ekonomiczna (BGD); Wielkość gospodarstwa domowego";33617;POLSKA;180;[zł];267;Grupa społeczno-ekonomiczna (BGD);630877;Gospodarstwa domowe pracujących na własny rachunek;274;Wielkość gospodarstwa domowego;6902052;Ogółem;295;Towary i usługi konsumpcyjne;6901940;Łączność;;;;;;;;;;;;;;;;;;;;;282;2017;2017 ;61,79;ND;Nie dotyczy;nd;Dane jawne;nd;Nie dotyczy;
521;Przeciętne miesięczne wydatki na towary i usługi konsumpcyjne na 1 osobę w gospodarstwach domowych;285;"Polska; Towary i usługi konsumpcyjne; Grupa społeczno-ekonomiczna (BGD); Wielkość gospodarstwa domowego";33617;POLSKA;180;[zł];267;Grupa społeczno-ekonomiczna (BGD);630877;Gospodarstwa domowe pracujących na własny rachunek;274;Wielkość gospodarstwa domowego;6902052;Ogółem;295;Towary i usługi konsumpcyjne;6901945;Rekreacja i kultura;;;;;;;;;;;;;;;;;;;;;282;2017;2017 ;139,83;ND;Nie dotyczy;nd;Dane jawne;nd;Nie dotyczy;
521;Przeciętne miesięczne wydatki na towary i usługi konsumpcyjne na 1 osobę w gospodarstwach domowych;285;"Polska; Towary i usługi konsumpcyjne; Grupa społeczno-ekonomiczna (BGD); Wielkość gospodarstwa domowego";33617;POLSKA;180;[zł];267;Grupa społeczno-ekonomiczna (BGD);630877;Gospodarstwa domowe pracujących na własny rachunek;274;Wielkość gospodarstwa domowego;6902052;Ogółem;295;Towary i usługi konsumpcyjne;6901956;Edukacja;;;;;;;;;;;;;;;;;;;;;282;2017;2017 ;20,46;ND;Nie dotyczy;nd;Dane jawne;nd;Nie dotyczy;
521;Przeciętne miesięczne wydatki na towary i usługi konsumpcyjne na 1 osobę w gospodarstwach domowych;285;"Polska; Towary i usługi konsumpcyjne; Grupa społeczno-ekonomiczna (BGD); Wielkość gospodarstwa domowego";33617;POLSKA;180;[zł];267;Grupa społeczno-ekonomiczna (BGD);630877;Gospodarstwa domowe pracujących na własny rachunek;274;Wielkość gospodarstwa domowego;6902052;Ogółem;295;Towary i usługi konsumpcyjne;6901962;Restauracje i hotele;;;;;;;;;;;;;;;;;;;;;282;2017;2017 ;89,44;ND;Nie dotyczy;nd;Dane jawne;nd;Nie dotyczy;
521;Przeciętne miesięczne wydatki na towary i usługi konsumpcyjne na 1 osobę w gospodarstwach domowych;285;"Polska; Towary i usługi konsumpcyjne; Grupa społeczno-ekonomiczna (BGD); Wielkość gospodarstwa domowego";33617;POLSKA;180;[zł];267;Grupa społeczno-ekonomiczna (BGD);630877;Gospodarstwa domowe pracujących na własny rachunek;274;Wielkość gospodarstwa domowego;6902052;Ogółem;295;Towary i usługi konsumpcyjne;6901966;Pozostałe wydatki na towary i usługi;;;;;;;;;;;;;;;;;;;;;282;2017;2017 ;85,46;ND;Nie dotyczy;nd;Dane jawne;nd;Nie dotyczy;
521;Przeciętne miesięczne wydatki na towary i usługi konsumpcyjne na 1 osobę w gospodarstwach domowych;285;"Polska; Towary i usługi konsumpcyjne; Grupa społeczno-ekonomiczna (BGD); Wielkość gospodarstwa domowego";33617;POLSKA;180;[zł];267;Grupa społeczno-ekonomiczna (BGD);630877;Gospodarstwa domowe pracujących na własny rachunek;274;Wielkość gospodarstwa domowego;6902052;Ogółem;295;Towary i usługi konsumpcyjne;6901981;Kieszonkowe;;;;;;;;;;;;;;;;;;;;;282;2017;2017 ;19,07;ND;Nie dotyczy;nd;Dane jawne;nd;Nie dotyczy;
521;Przeciętne miesięczne wydatki na towary i usługi konsumpcyjne na 1 osobę w gospodarstwach domowych;285;"Polska; Towary i usługi konsumpcyjne; Grupa społeczno-ekonomiczna (BGD); Wielkość gospodarstwa domowego";33617;POLSKA;180;[zł];267;Grupa społeczno-ekonomiczna (BGD);630877;Gospodarstwa domowe pracujących na własny rachunek;274;Wielkość gospodarstwa domowego;6902052;Ogółem;295;Towary i usługi konsumpcyjne;6901848;Żywność i napoje bezalkoholowe;;;;;;;;;;;;;;;;;;;;;282;2018;2018 ;292,6;ND;Nie dotyczy;nd;Dane jawne;nd;Nie dotyczy;
521;Przeciętne miesięczne wydatki na towary i usługi konsumpcyjne na 1 osobę w gospodarstwach domowych;285;"Polska; Towary i usługi konsumpcyjne; Grupa społeczno-ekonomiczna (BGD); Wielkość gospodarstwa domowego";33617;POLSKA;180;[zł];267;Grupa społeczno-ekonomiczna (BGD);630877;Gospodarstwa domowe pracujących na własny rachunek;274;Wielkość gospodarstwa domowego;6902052;Ogółem;295;Towary i usługi konsumpcyjne;6901908;Napoje alkoholowe, wyroby tytoniowe i narkotyki;;;;;;;;;;;;;;;;;;;;;282;2018;2018 ;29,99;ND;Nie dotyczy;nd;Dane jawne;nd;Nie dotyczy;
521;Przeciętne miesięczne wydatki na towary i usługi konsumpcyjne na 1 osobę w gospodarstwach domowych;285;"Polska; Towary i usługi konsumpcyjne; Grupa społeczno-ekonomiczna (BGD); Wielkość gospodarstwa domowego";33617;POLSKA;180;[zł];267;Grupa społeczno-ekonomiczna (BGD);630877;Gospodarstwa domowe pracujących na własny rachunek;274;Wielkość gospodarstwa domowego;6902052;Ogółem;295;Towary i usługi konsumpcyjne;6901914;Odzież i obuwie;;;;;;;;;;;;;;;;;;;;;282;2018;2018 ;84,52;ND;Nie dotyczy;nd;Dane jawne;nd;Nie dotyczy;
521;Przeciętne miesięczne wydatki na towary i usługi konsumpcyjne na 1 osobę w gospodarstwach domowych;285;"Polska; Towary i usługi konsumpcyjne; Grupa społeczno-ekonomiczna (BGD); Wielkość gospodarstwa domowego";33617;POLSKA;180;[zł];267;Grupa społeczno-ekonomiczna (BGD);630877;Gospodarstwa domowe pracujących na własny rachunek;274;Wielkość gospodarstwa domowego;6902052;Ogółem;295;Towary i usługi konsumpcyjne;6901917;Użytkowanie mieszkania lub domu i nośniki energii;;;;;;;;;;;;;;;;;;;;;282;2018;2018 ;225,46;ND;Nie dotyczy;nd;Dane jawne;nd;Nie dotyczy;
521;Przeciętne miesięczne wydatki na towary i usługi konsumpcyjne na 1 osobę w gospodarstwach domowych;285;"Polska; Towary i usługi konsumpcyjne; Grupa społeczno-ekonomiczna (BGD); Wielkość gospodarstwa domowego";33617;POLSKA;180;[zł];267;Grupa społeczno-ekonomiczna (BGD);630877;Gospodarstwa domowe pracujących na własny rachunek;274;Wielkość gospodarstwa domowego;6902052;Ogółem;295;Towary i usługi konsumpcyjne;6901925;Wyposażenie mieszkania i prowadzenie gospodarstwa domowego;;;;;;;;;;;;;;;;;;;;;282;2018;2018 ;78,06;ND;Nie dotyczy;nd;Dane jawne;nd;Nie dotyczy;
521;Przeciętne miesięczne wydatki na towary i usługi konsumpcyjne na 1 osobę w gospodarstwach domowych;285;"Polska; Towary i usługi konsumpcyjne; Grupa społeczno-ekonomiczna (BGD); Wielkość gospodarstwa domowego";33617;POLSKA;180;[zł];267;Grupa społeczno-ekonomiczna (BGD);630877;Gospodarstwa domowe pracujących na własny rachunek;274;Wielkość gospodarstwa domowego;6902052;Ogółem;295;Towary i usługi konsumpcyjne;6901933;Zdrowie;;;;;;;;;;;;;;;;;;;;;282;2018;2018 ;57,88;ND;Nie dotyczy;nd;Dane jawne;nd;Nie dotyczy;
521;Przeciętne miesięczne wydatki na towary i usługi konsumpcyjne na 1 osobę w gospodarstwach domowych;285;"Polska; Towary i usługi konsumpcyjne; Grupa społeczno-ekonomiczna (BGD); Wielkość gospodarstwa domowego";33617;POLSKA;180;[zł];267;Grupa społeczno-ekonomiczna (BGD);630877;Gospodarstwa domowe pracujących na własny rachunek;274;Wielkość gospodarstwa domowego;6902052;Ogółem;295;Towary i usługi konsumpcyjne;6901937;Transport;;;;;;;;;;;;;;;;;;;;;282;2018;2018 ;184,75;ND;Nie dotyczy;nd;Dane jawne;nd;Nie dotyczy;
521;Przeciętne miesięczne wydatki na towary i usługi konsumpcyjne na 1 osobę w gospodarstwach domowych;285;"Polska; Towary i usługi konsumpcyjne; Grupa społeczno-ekonomiczna (BGD); Wielkość gospodarstwa domowego";33617;POLSKA;180;[zł];267;Grupa społeczno-ekonomiczna (BGD);630877;Gospodarstwa domowe pracujących na własny rachunek;274;Wielkość gospodarstwa domowego;6902052;Ogółem;295;Towary i usługi konsumpcyjne;6901940;Łączność;;;;;;;;;;;;;;;;;;;;;282;2018;2018 ;50,3;ND;Nie dotyczy;nd;Dane jawne;nd;Nie dotyczy;
521;Przeciętne miesięczne wydatki na towary i usługi konsumpcyjne na 1 osobę w gospodarstwach domowych;285;"Polska; Towary i usługi konsumpcyjne; Grupa społeczno-ekonomiczna (BGD); Wielkość gospodarstwa domowego";33617;POLSKA;180;[zł];267;Grupa społeczno-ekonomiczna (BGD);630877;Gospodarstwa domowe pracujących na własny rachunek;274;Wielkość gospodarstwa domowego;6902052;Ogółem;295;Towary i usługi konsumpcyjne;6901945;Rekreacja i kultura;;;;;;;;;;;;;;;;;;;;;282;2018;2018 ;122,83;ND;Nie dotyczy;nd;Dane jawne;nd;Nie dotyczy;
521;Przeciętne miesięczne wydatki na towary i usługi konsumpcyjne na 1 osobę w gospodarstwach domowych;285;"Polska; Towary i usługi konsumpcyjne; Grupa społeczno-ekonomiczna (BGD); Wielkość gospodarstwa domowego";33617;POLSKA;180;[zł];267;Grupa społeczno-ekonomiczna (BGD);630877;Gospodarstwa domowe pracujących na własny rachunek;274;Wielkość gospodarstwa domowego;6902052;Ogółem;295;Towary i usługi konsumpcyjne;6901956;Edukacja;;;;;;;;;;;;;;;;;;;;;282;2018;2018 ;24,5;ND;Nie dotyczy;nd;Dane jawne;nd;Nie dotyczy;
521;Przeciętne miesięczne wydatki na towary i usługi konsumpcyjne na 1 osobę w gospodarstwach domowych;285;"Polska; Towary i usługi konsumpcyjne; Grupa społeczno-ekonomiczna (BGD); Wielkość gospodarstwa domowego";33617;POLSKA;180;[zł];267;Grupa społeczno-ekonomiczna (BGD);630877;Gospodarstwa domowe pracujących na własny rachunek;274;Wielkość gospodarstwa domowego;6902052;Ogółem;295;Towary i usługi konsumpcyjne;6901962;Restauracje i hotele;;;;;;;;;;;;;;;;;;;;;282;2018;2018 ;90,21;ND;Nie dotyczy;nd;Dane jawne;nd;Nie dotyczy;
521;Przeciętne miesięczne wydatki na towary i usługi konsumpcyjne na 1 osobę w gospodarstwach domowych;285;"Polska; Towary i usługi konsumpcyjne; Grupa społeczno-ekonomiczna (BGD); Wielkość gospodarstwa domowego";33617;POLSKA;180;[zł];267;Grupa społeczno-ekonomiczna (BGD);630877;Gospodarstwa domowe pracujących na własny rachunek;274;Wielkość gospodarstwa domowego;6902052;Ogółem;295;Towary i usługi konsumpcyjne;6901966;Pozostałe wydatki na towary i usługi;;;;;;;;;;;;;;;;;;;;;282;2018;2018 ;93,14;ND;Nie dotyczy;nd;Dane jawne;nd;Nie dotyczy;
521;Przeciętne miesięczne wydatki na towary i usługi konsumpcyjne na 1 osobę w gospodarstwach domowych;285;"Polska; Towary i usługi konsumpcyjne; Grupa społeczno-ekonomiczna (BGD); Wielkość gospodarstwa domowego";33617;POLSKA;180;[zł];267;Grupa społeczno-ekonomiczna (BGD);630877;Gospodarstwa domowe pracujących na własny rachunek;274;Wielkość gospodarstwa domowego;6902052;Ogółem;295;Towary i usługi konsumpcyjne;6901981;Kieszonkowe;;;;;;;;;;;;;;;;;;;;;282;2018;2018 ;15,23;ND;Nie dotyczy;nd;Dane jawne;nd;Nie dotyczy;
521;Przeciętne miesięczne wydatki na towary i usługi konsumpcyjne na 1 osobę w gospodarstwach domowych;285;"Polska; Towary i usługi konsumpcyjne; Grupa społeczno-ekonomiczna (BGD); Wielkość gospodarstwa domowego";33617;POLSKA;180;[zł];267;Grupa społeczno-ekonomiczna (BGD);630877;Gospodarstwa domowe pracujących na własny rachunek;274;Wielkość gospodarstwa domowego;6902052;Ogółem;295;Towary i usługi konsumpcyjne;6901848;Żywność i napoje bezalkoholowe;;;;;;;;;;;;;;;;;;;;;282;2019;2019 ;310,37;ND;Nie dotyczy;nd;Dane jawne;nd;Nie dotyczy;
521;Przeciętne miesięczne wydatki na towary i usługi konsumpcyjne na 1 osobę w gospodarstwach domowych;285;"Polska; Towary i usługi konsumpcyjne; Grupa społeczno-ekonomiczna (BGD); Wielkość gospodarstwa domowego";33617;POLSKA;180;[zł];267;Grupa społeczno-ekonomiczna (BGD);630877;Gospodarstwa domowe pracujących na własny rachunek;274;Wielkość gospodarstwa domowego;6902052;Ogółem;295;Towary i usługi konsumpcyjne;6901908;Napoje alkoholowe, wyroby tytoniowe i narkotyki;;;;;;;;;;;;;;;;;;;;;282;2019;2019 ;33,27;ND;Nie dotyczy;nd;Dane jawne;nd;Nie dotyczy;
521;Przeciętne miesięczne wydatki na towary i usługi konsumpcyjne na 1 osobę w gospodarstwach domowych;285;"Polska; Towary i usługi konsumpcyjne; Grupa społeczno-ekonomiczna (BGD); Wielkość gospodarstwa domowego";33617;POLSKA;180;[zł];267;Grupa społeczno-ekonomiczna (BGD);630877;Gospodarstwa domowe pracujących na własny rachunek;274;Wielkość gospodarstwa domowego;6902052;Ogółem;295;Towary i usługi konsumpcyjne;6901914;Odzież i obuwie;;;;;;;;;;;;;;;;;;;;;282;2019;2019 ;87,25;ND;Nie dotyczy;nd;Dane jawne;nd;Nie dotyczy;
521;Przeciętne miesięczne wydatki na towary i usługi konsumpcyjne na 1 osobę w gospodarstwach domowych;285;"Polska; Towary i usługi konsumpcyjne; Grupa społeczno-ekonomiczna (BGD); Wielkość gospodarstwa domowego";33617;POLSKA;180;[zł];267;Grupa społeczno-ekonomiczna (BGD);630877;Gospodarstwa domowe pracujących na własny rachunek;274;Wielkość gospodarstwa domowego;6902052;Ogółem;295;Towary i usługi konsumpcyjne;6901917;Użytkowanie mieszkania lub domu i nośniki energii;;;;;;;;;;;;;;;;;;;;;282;2019;2019 ;233,68;ND;Nie dotyczy;nd;Dane jawne;nd;Nie dotyczy;
521;Przeciętne miesięczne wydatki na towary i usługi konsumpcyjne na 1 osobę w gospodarstwach domowych;285;"Polska; Towary i usługi konsumpcyjne; Grupa społeczno-ekonomiczna (BGD); Wielkość gospodarstwa domowego";33617;POLSKA;180;[zł];267;Grupa społeczno-ekonomiczna (BGD);630877;Gospodarstwa domowe pracujących na własny rachunek;274;Wielkość gospodarstwa domowego;6902052;Ogółem;295;Towary i usługi konsumpcyjne;6901925;Wyposażenie mieszkania i prowadzenie gospodarstwa domowego;;;;;;;;;;;;;;;;;;;;;282;2019;2019 ;82,73;ND;Nie dotyczy;nd;Dane jawne;nd;Nie dotyczy;
521;Przeciętne miesięczne wydatki na towary i usługi konsumpcyjne na 1 osobę w gospodarstwach domowych;285;"Polska; Towary i usługi konsumpcyjne; Grupa społeczno-ekonomiczna (BGD); Wielkość gospodarstwa domowego";33617;POLSKA;180;[zł];267;Grupa społeczno-ekonomiczna (BGD);630877;Gospodarstwa domowe pracujących na własny rachunek;274;Wielkość gospodarstwa domowego;6902052;Ogółem;295;Towary i usługi konsumpcyjne;6901933;Zdrowie;;;;;;;;;;;;;;;;;;;;;282;2019;2019 ;59,15;ND;Nie dotyczy;nd;Dane jawne;nd;Nie dotyczy;
521;Przeciętne miesięczne wydatki na towary i usługi konsumpcyjne na 1 osobę w gospodarstwach domowych;285;"Polska; Towary i usługi konsumpcyjne; Grupa społeczno-ekonomiczna (BGD); Wielkość gospodarstwa domowego";33617;POLSKA;180;[zł];267;Grupa społeczno-ekonomiczna (BGD);630877;Gospodarstwa domowe pracujących na własny rachunek;274;Wielkość gospodarstwa domowego;6902052;Ogółem;295;Towary i usługi konsumpcyjne;6901937;Transport;;;;;;;;;;;;;;;;;;;;;282;2019;2019 ;163,9;ND;Nie dotyczy;nd;Dane jawne;nd;Nie dotyczy;
521;Przeciętne miesięczne wydatki na towary i usługi konsumpcyjne na 1 osobę w gospodarstwach domowych;285;"Polska; Towary i usługi konsumpcyjne; Grupa społeczno-ekonomiczna (BGD); Wielkość gospodarstwa domowego";33617;POLSKA;180;[zł];267;Grupa społeczno-ekonomiczna (BGD);630877;Gospodarstwa domowe pracujących na własny rachunek;274;Wielkość gospodarstwa domowego;6902052;Ogółem;295;Towary i usługi konsumpcyjne;6901940;Łączność;;;;;;;;;;;;;;;;;;;;;282;2019;2019 ;59,95;ND;Nie dotyczy;nd;Dane jawne;nd;Nie dotyczy;
521;Przeciętne miesięczne wydatki na towary i usługi konsumpcyjne na 1 osobę w gospodarstwach domowych;285;"Polska; Towary i usługi konsumpcyjne; Grupa społeczno-ekonomiczna (BGD); Wielkość gospodarstwa domowego";33617;POLSKA;180;[zł];267;Grupa społeczno-ekonomiczna (BGD);630877;Gospodarstwa domowe pracujących na własny rachunek;274;Wielkość gospodarstwa domowego;6902052;Ogółem;295;Towary i usługi konsumpcyjne;6901945;Rekreacja i kultura;;;;;;;;;;;;;;;;;;;;;282;2019;2019 ;134,18;ND;Nie dotyczy;nd;Dane jawne;nd;Nie dotyczy;
521;Przeciętne miesięczne wydatki na towary i usługi konsumpcyjne na 1 osobę w gospodarstwach domowych;285;"Polska; Towary i usługi konsumpcyjne; Grupa społeczno-ekonomiczna (BGD); Wielkość gospodarstwa domowego";33617;POLSKA;180;[zł];267;Grupa społeczno-ekonomiczna (BGD);630877;Gospodarstwa domowe pracujących na własny rachunek;274;Wielkość gospodarstwa domowego;6902052;Ogółem;295;Towary i usługi konsumpcyjne;6901956;Edukacja;;;;;;;;;;;;;;;;;;;;;282;2019;2019 ;30,44;ND;Nie dotyczy;nd;Dane jawne;nd;Nie dotyczy;
521;Przeciętne miesięczne wydatki na towary i usługi konsumpcyjne na 1 osobę w gospodarstwach domowych;285;"Polska; Towary i usługi konsumpcyjne; Grupa społeczno-ekonomiczna (BGD); Wielkość gospodarstwa domowego";33617;POLSKA;180;[zł];267;Grupa społeczno-ekonomiczna (BGD);630877;Gospodarstwa domowe pracujących na własny rachunek;274;Wielkość gospodarstwa domowego;6902052;Ogółem;295;Towary i usługi konsumpcyjne;6901962;Restauracje i hotele;;;;;;;;;;;;;;;;;;;;;282;2019;2019 ;100,53;ND;Nie dotyczy;nd;Dane jawne;nd;Nie dotyczy;
521;Przeciętne miesięczne wydatki na towary i usługi konsumpcyjne na 1 osobę w gospodarstwach domowych;285;"Polska; Towary i usługi konsumpcyjne; Grupa społeczno-ekonomiczna (BGD); Wielkość gospodarstwa domowego";33617;POLSKA;180;[zł];267;Grupa społeczno-ekonomiczna (BGD);630877;Gospodarstwa domowe pracujących na własny rachunek;274;Wielkość gospodarstwa domowego;6902052;Ogółem;295;Towary i usługi konsumpcyjne;6901966;Pozostałe wydatki na towary i usługi;;;;;;;;;;;;;;;;;;;;;282;2019;2019 ;98,75;ND;Nie dotyczy;nd;Dane jawne;nd;Nie dotyczy;
521;Przeciętne miesięczne wydatki na towary i usługi konsumpcyjne na 1 osobę w gospodarstwach domowych;285;"Polska; Towary i usługi konsumpcyjne; Grupa społeczno-ekonomiczna (BGD); Wielkość gospodarstwa domowego";33617;POLSKA;180;[zł];267;Grupa społeczno-ekonomiczna (BGD);630877;Gospodarstwa domowe pracujących na własny rachunek;274;Wielkość gospodarstwa domowego;6902052;Ogółem;295;Towary i usługi konsumpcyjne;6901981;Kieszonkowe;;;;;;;;;;;;;;;;;;;;;282;2019;2019 ;17,02;ND;Nie dotyczy;nd;Dane jawne;nd;Nie dotyczy;
521;Przeciętne miesięczne wydatki na towary i usługi konsumpcyjne na 1 osobę w gospodarstwach domowych;285;"Polska; Towary i usługi konsumpcyjne; Grupa społeczno-ekonomiczna (BGD); Wielkość gospodarstwa domowego";33617;POLSKA;180;[zł];267;Grupa społeczno-ekonomiczna (BGD);630877;Gospodarstwa domowe pracujących na własny rachunek;274;Wielkość gospodarstwa domowego;6902052;Ogółem;295;Towary i usługi konsumpcyjne;6901848;Żywność i napoje bezalkoholowe;;;;;;;;;;;;;;;;;;;;;282;2020;2020 ;338,87;ND;Nie dotyczy;nd;Dane jawne;nd;Nie dotyczy;
521;Przeciętne miesięczne wydatki na towary i usługi konsumpcyjne na 1 osobę w gospodarstwach domowych;285;"Polska; Towary i usługi konsumpcyjne; Grupa społeczno-ekonomiczna (BGD); Wielkość gospodarstwa domowego";33617;POLSKA;180;[zł];267;Grupa społeczno-ekonomiczna (BGD);630877;Gospodarstwa domowe pracujących na własny rachunek;274;Wielkość gospodarstwa domowego;6902052;Ogółem;295;Towary i usługi konsumpcyjne;6901908;Napoje alkoholowe, wyroby tytoniowe i narkotyki;;;;;;;;;;;;;;;;;;;;;282;2020;2020 ;37,43;ND;Nie dotyczy;nd;Dane jawne;nd;Nie dotyczy;
521;Przeciętne miesięczne wydatki na towary i usługi konsumpcyjne na 1 osobę w gospodarstwach domowych;285;"Polska; Towary i usługi konsumpcyjne; Grupa społeczno-ekonomiczna (BGD); Wielkość gospodarstwa domowego";33617;POLSKA;180;[zł];267;Grupa społeczno-ekonomiczna (BGD);630877;Gospodarstwa domowe pracujących na własny rachunek;274;Wielkość gospodarstwa domowego;6902052;Ogółem;295;Towary i usługi konsumpcyjne;6901914;Odzież i obuwie;;;;;;;;;;;;;;;;;;;;;282;2020;2020 ;72,31;ND;Nie dotyczy;nd;Dane jawne;nd;Nie dotyczy;
521;Przeciętne miesięczne wydatki na towary i usługi konsumpcyjne na 1 osobę w gospodarstwach domowych;285;"Polska; Towary i usługi konsumpcyjne; Grupa społeczno-ekonomiczna (BGD); Wielkość gospodarstwa domowego";33617;POLSKA;180;[zł];267;Grupa społeczno-ekonomiczna (BGD);630877;Gospodarstwa domowe pracujących na własny rachunek;274;Wielkość gospodarstwa domowego;6902052;Ogółem;295;Towary i usługi konsumpcyjne;6901917;Użytkowanie mieszkania lub domu i nośniki energii;;;;;;;;;;;;;;;;;;;;;282;2020;2020 ;232,57;ND;Nie dotyczy;nd;Dane jawne;nd;Nie dotyczy;
521;Przeciętne miesięczne wydatki na towary i usługi konsumpcyjne na 1 osobę w gospodarstwach domowych;285;"Polska; Towary i usługi konsumpcyjne; Grupa społeczno-ekonomiczna (BGD); Wielkość gospodarstwa domowego";33617;POLSKA;180;[zł];267;Grupa społeczno-ekonomiczna (BGD);630877;Gospodarstwa domowe pracujących na własny rachunek;274;Wielkość gospodarstwa domowego;6902052;Ogółem;295;Towary i usługi konsumpcyjne;6901925;Wyposażenie mieszkania i prowadzenie gospodarstwa domowego;;;;;;;;;;;;;;;;;;;;;282;2020;2020 ;87,58;ND;Nie dotyczy;nd;Dane jawne;nd;Nie dotyczy;
521;Przeciętne miesięczne wydatki na towary i usługi konsumpcyjne na 1 osobę w gospodarstwach domowych;285;"Polska; Towary i usługi konsumpcyjne; Grupa społeczno-ekonomiczna (BGD); Wielkość gospodarstwa domowego";33617;POLSKA;180;[zł];267;Grupa społeczno-ekonomiczna (BGD);630877;Gospodarstwa domowe pracujących na własny rachunek;274;Wielkość gospodarstwa domowego;6902052;Ogółem;295;Towary i usługi konsumpcyjne;6901933;Zdrowie;;;;;;;;;;;;;;;;;;;;;282;2020;2020 ;63,36;ND;Nie dotyczy;nd;Dane jawne;nd;Nie dotyczy;
521;Przeciętne miesięczne wydatki na towary i usługi konsumpcyjne na 1 osobę w gospodarstwach domowych;285;"Polska; Towary i usługi konsumpcyjne; Grupa społeczno-ekonomiczna (BGD); Wielkość gospodarstwa domowego";33617;POLSKA;180;[zł];267;Grupa społeczno-ekonomiczna (BGD);630877;Gospodarstwa domowe pracujących na własny rachunek;274;Wielkość gospodarstwa domowego;6902052;Ogółem;295;Towary i usługi konsumpcyjne;6901937;Transport;;;;;;;;;;;;;;;;;;;;;282;2020;2020 ;138,69;ND;Nie dotyczy;nd;Dane jawne;nd;Nie dotyczy;
521;Przeciętne miesięczne wydatki na towary i usługi konsumpcyjne na 1 osobę w gospodarstwach domowych;285;"Polska; Towary i usługi konsumpcyjne; Grupa społeczno-ekonomiczna (BGD); Wielkość gospodarstwa domowego";33617;POLSKA;180;[zł];267;Grupa społeczno-ekonomiczna (BGD);630877;Gospodarstwa domowe pracujących na własny rachunek;274;Wielkość gospodarstwa domowego;6902052;Ogółem;295;Towary i usługi konsumpcyjne;6901940;Łączność;;;;;;;;;;;;;;;;;;;;;282;2020;2020 ;64,88;ND;Nie dotyczy;nd;Dane jawne;nd;Nie dotyczy;
521;Przeciętne miesięczne wydatki na towary i usługi konsumpcyjne na 1 osobę w gospodarstwach domowych;285;"Polska; Towary i usługi konsumpcyjne; Grupa społeczno-ekonomiczna (BGD); Wielkość gospodarstwa domowego";33617;POLSKA;180;[zł];267;Grupa społeczno-ekonomiczna (BGD);630877;Gospodarstwa domowe pracujących na własny rachunek;274;Wielkość gospodarstwa domowego;6902052;Ogółem;295;Towary i usługi konsumpcyjne;6901945;Rekreacja i kultura;;;;;;;;;;;;;;;;;;;;;282;2020;2020 ;111,6;ND;Nie dotyczy;nd;Dane jawne;nd;Nie dotyczy;
521;Przeciętne miesięczne wydatki na towary i usługi konsumpcyjne na 1 osobę w gospodarstwach domowych;285;"Polska; Towary i usługi konsumpcyjne; Grupa społeczno-ekonomiczna (BGD); Wielkość gospodarstwa domowego";33617;POLSKA;180;[zł];267;Grupa społeczno-ekonomiczna (BGD);630877;Gospodarstwa domowe pracujących na własny rachunek;274;Wielkość gospodarstwa domowego;6902052;Ogółem;295;Towary i usługi konsumpcyjne;6901956;Edukacja;;;;;;;;;;;;;;;;;;;;;282;2020;2020 ;29,71;ND;Nie dotyczy;nd;Dane jawne;nd;Nie dotyczy;
521;Przeciętne miesięczne wydatki na towary i usługi konsumpcyjne na 1 osobę w gospodarstwach domowych;285;"Polska; Towary i usługi konsumpcyjne; Grupa społeczno-ekonomiczna (BGD); Wielkość gospodarstwa domowego";33617;POLSKA;180;[zł];267;Grupa społeczno-ekonomiczna (BGD);630877;Gospodarstwa domowe pracujących na własny rachunek;274;Wielkość gospodarstwa domowego;6902052;Ogółem;295;Towary i usługi konsumpcyjne;6901962;Restauracje i hotele;;;;;;;;;;;;;;;;;;;;;282;2020;2020 ;76,59;ND;Nie dotyczy;nd;Dane jawne;nd;Nie dotyczy;
521;Przeciętne miesięczne wydatki na towary i usługi konsumpcyjne na 1 osobę w gospodarstwach domowych;285;"Polska; Towary i usługi konsumpcyjne; Grupa społeczno-ekonomiczna (BGD); Wielkość gospodarstwa domowego";33617;POLSKA;180;[zł];267;Grupa społeczno-ekonomiczna (BGD);630877;Gospodarstwa domowe pracujących na własny rachunek;274;Wielkość gospodarstwa domowego;6902052;Ogółem;295;Towary i usługi konsumpcyjne;6901966;Pozostałe wydatki na towary i usługi;;;;;;;;;;;;;;;;;;;;;282;2020;2020 ;94,06;ND;Nie dotyczy;nd;Dane jawne;nd;Nie dotyczy;
521;Przeciętne miesięczne wydatki na towary i usługi konsumpcyjne na 1 osobę w gospodarstwach domowych;285;"Polska; Towary i usługi konsumpcyjne; Grupa społeczno-ekonomiczna (BGD); Wielkość gospodarstwa domowego";33617;POLSKA;180;[zł];267;Grupa społeczno-ekonomiczna (BGD);630877;Gospodarstwa domowe pracujących na własny rachunek;274;Wielkość gospodarstwa domowego;6902052;Ogółem;295;Towary i usługi konsumpcyjne;6901981;Kieszonkowe;;;;;;;;;;;;;;;;;;;;;282;2020;2020 ;13,87;ND;Nie dotyczy;nd;Dane jawne;nd;Nie dotyczy;
521;Przeciętne miesięczne wydatki na towary i usługi konsumpcyjne na 1 osobę w gospodarstwach domowych;285;"Polska; Towary i usługi konsumpcyjne; Grupa społeczno-ekonomiczna (BGD); Wielkość gospodarstwa domowego";33617;POLSKA;180;[zł];267;Grupa społeczno-ekonomiczna (BGD);630877;Gospodarstwa domowe pracujących na własny rachunek;274;Wielkość gospodarstwa domowego;6902052;Ogółem;295;Towary i usługi konsumpcyjne;6901848;Żywność i napoje bezalkoholowe;;;;;;;;;;;;;;;;;;;;;282;2021;2021 ;351,51;ND;Nie dotyczy;nd;Dane jawne;nd;Nie dotyczy;
521;Przeciętne miesięczne wydatki na towary i usługi konsumpcyjne na 1 osobę w gospodarstwach domowych;285;"Polska; Towary i usługi konsumpcyjne; Grupa społeczno-ekonomiczna (BGD); Wielkość gospodarstwa domowego";33617;POLSKA;180;[zł];267;Grupa społeczno-ekonomiczna (BGD);630877;Gospodarstwa domowe pracujących na własny rachunek;274;Wielkość gospodarstwa domowego;6902052;Ogółem;295;Towary i usługi konsumpcyjne;6901908;Napoje alkoholowe, wyroby tytoniowe i narkotyki;;;;;;;;;;;;;;;;;;;;;282;2021;2021 ;37,24;ND;Nie dotyczy;nd;Dane jawne;nd;Nie dotyczy;
521;Przeciętne miesięczne wydatki na towary i usługi konsumpcyjne na 1 osobę w gospodarstwach domowych;285;"Polska; Towary i usługi konsumpcyjne; Grupa społeczno-ekonomiczna (BGD); Wielkość gospodarstwa domowego";33617;POLSKA;180;[zł];267;Grupa społeczno-ekonomiczna (BGD);630877;Gospodarstwa domowe pracujących na własny rachunek;274;Wielkość gospodarstwa domowego;6902052;Ogółem;295;Towary i usługi konsumpcyjne;6901914;Odzież i obuwie;;;;;;;;;;;;;;;;;;;;;282;2021;2021 ;82,66;ND;Nie dotyczy;nd;Dane jawne;nd;Nie dotyczy;
521;Przeciętne miesięczne wydatki na towary i usługi konsumpcyjne na 1 osobę w gospodarstwach domowych;285;"Polska; Towary i usługi konsumpcyjne; Grupa społeczno-ekonomiczna (BGD); Wielkość gospodarstwa domowego";33617;POLSKA;180;[zł];267;Grupa społeczno-ekonomiczna (BGD);630877;Gospodarstwa domowe pracujących na własny rachunek;274;Wielkość gospodarstwa domowego;6902052;Ogółem;295;Towary i usługi konsumpcyjne;6901917;Użytkowanie mieszkania lub domu i nośniki energii;;;;;;;;;;;;;;;;;;;;;282;2021;2021 ;245,01;ND;Nie dotyczy;nd;Dane jawne;nd;Nie dotyczy;
521;Przeciętne miesięczne wydatki na towary i usługi konsumpcyjne na 1 osobę w gospodarstwach domowych;285;"Polska; Towary i usługi konsumpcyjne; Grupa społeczno-ekonomiczna (BGD); Wielkość gospodarstwa domowego";33617;POLSKA;180;[zł];267;Grupa społeczno-ekonomiczna (BGD);630877;Gospodarstwa domowe pracujących na własny rachunek;274;Wielkość gospodarstwa domowego;6902052;Ogółem;295;Towary i usługi konsumpcyjne;6901925;Wyposażenie mieszkania i prowadzenie gospodarstwa domowego;;;;;;;;;;;;;;;;;;;;;282;2021;2021 ;91,54;ND;Nie dotyczy;nd;Dane jawne;nd;Nie dotyczy;
521;Przeciętne miesięczne wydatki na towary i usługi konsumpcyjne na 1 osobę w gospodarstwach domowych;285;"Polska; Towary i usługi konsumpcyjne; Grupa społeczno-ekonomiczna (BGD); Wielkość gospodarstwa domowego";33617;POLSKA;180;[zł];267;Grupa społeczno-ekonomiczna (BGD);630877;Gospodarstwa domowe pracujących na własny rachunek;274;Wielkość gospodarstwa domowego;6902052;Ogółem;295;Towary i usługi konsumpcyjne;6901933;Zdrowie;;;;;;;;;;;;;;;;;;;;;282;2021;2021 ;72,15;ND;Nie dotyczy;nd;Dane jawne;nd;Nie dotyczy;
521;Przeciętne miesięczne wydatki na towary i usługi konsumpcyjne na 1 osobę w gospodarstwach domowych;285;"Polska; Towary i usługi konsumpcyjne; Grupa społeczno-ekonomiczna (BGD); Wielkość gospodarstwa domowego";33617;POLSKA;180;[zł];267;Grupa społeczno-ekonomiczna (BGD);630877;Gospodarstwa domowe pracujących na własny rachunek;274;Wielkość gospodarstwa domowego;6902052;Ogółem;295;Towary i usługi konsumpcyjne;6901937;Transport;;;;;;;;;;;;;;;;;;;;;282;2021;2021 ;145,82;ND;Nie dotyczy;nd;Dane jawne;nd;Nie dotyczy;
521;Przeciętne miesięczne wydatki na towary i usługi konsumpcyjne na 1 osobę w gospodarstwach domowych;285;"Polska; Towary i usługi konsumpcyjne; Grupa społeczno-ekonomiczna (BGD); Wielkość gospodarstwa domowego";33617;POLSKA;180;[zł];267;Grupa społeczno-ekonomiczna (BGD);630877;Gospodarstwa domowe pracujących na własny rachunek;274;Wielkość gospodarstwa domowego;6902052;Ogółem;295;Towary i usługi konsumpcyjne;6901940;Łączność;;;;;;;;;;;;;;;;;;;;;282;2021;2021 ;65,18;ND;Nie dotyczy;nd;Dane jawne;nd;Nie dotyczy;
521;Przeciętne miesięczne wydatki na towary i usługi konsumpcyjne na 1 osobę w gospodarstwach domowych;285;"Polska; Towary i usługi konsumpcyjne; Grupa społeczno-ekonomiczna (BGD); Wielkość gospodarstwa domowego";33617;POLSKA;180;[zł];267;Grupa społeczno-ekonomiczna (BGD);630877;Gospodarstwa domowe pracujących na własny rachunek;274;Wielkość gospodarstwa domowego;6902052;Ogółem;295;Towary i usługi konsumpcyjne;6901945;Rekreacja i kultura;;;;;;;;;;;;;;;;;;;;;282;2021;2021 ;120,78;ND;Nie dotyczy;nd;Dane jawne;nd;Nie dotyczy;
521;Przeciętne miesięczne wydatki na towary i usługi konsumpcyjne na 1 osobę w gospodarstwach domowych;285;"Polska; Towary i usługi konsumpcyjne; Grupa społeczno-ekonomiczna (BGD); Wielkość gospodarstwa domowego";33617;POLSKA;180;[zł];267;Grupa społeczno-ekonomiczna (BGD);630877;Gospodarstwa domowe pracujących na własny rachunek;274;Wielkość gospodarstwa domowego;6902052;Ogółem;295;Towary i usługi konsumpcyjne;6901956;Edukacja;;;;;;;;;;;;;;;;;;;;;282;2021;2021 ;35,07;ND;Nie dotyczy;nd;Dane jawne;nd;Nie dotyczy;
521;Przeciętne miesięczne wydatki na towary i usługi konsumpcyjne na 1 osobę w gospodarstwach domowych;285;"Polska; Towary i usługi konsumpcyjne; Grupa społeczno-ekonomiczna (BGD); Wielkość gospodarstwa domowego";33617;POLSKA;180;[zł];267;Grupa społeczno-ekonomiczna (BGD);630877;Gospodarstwa domowe pracujących na własny rachunek;274;Wielkość gospodarstwa domowego;6902052;Ogółem;295;Towary i usługi konsumpcyjne;6901962;Restauracje i hotele;;;;;;;;;;;;;;;;;;;;;282;2021;2021 ;90,51;ND;Nie dotyczy;nd;Dane jawne;nd;Nie dotyczy;
521;Przeciętne miesięczne wydatki na towary i usługi konsumpcyjne na 1 osobę w gospodarstwach domowych;285;"Polska; Towary i usługi konsumpcyjne; Grupa społeczno-ekonomiczna (BGD); Wielkość gospodarstwa domowego";33617;POLSKA;180;[zł];267;Grupa społeczno-ekonomiczna (BGD);630877;Gospodarstwa domowe pracujących na własny rachunek;274;Wielkość gospodarstwa domowego;6902052;Ogółem;295;Towary i usługi konsumpcyjne;6901966;Pozostałe wydatki na towary i usługi;;;;;;;;;;;;;;;;;;;;;282;2021;2021 ;96,49;ND;Nie dotyczy;nd;Dane jawne;nd;Nie dotyczy;
521;Przeciętne miesięczne wydatki na towary i usługi konsumpcyjne na 1 osobę w gospodarstwach domowych;285;"Polska; Towary i usługi konsumpcyjne; Grupa społeczno-ekonomiczna (BGD); Wielkość gospodarstwa domowego";33617;POLSKA;180;[zł];267;Grupa społeczno-ekonomiczna (BGD);630877;Gospodarstwa domowe pracujących na własny rachunek;274;Wielkość gospodarstwa domowego;6902052;Ogółem;295;Towary i usługi konsumpcyjne;6901981;Kieszonkowe;;;;;;;;;;;;;;;;;;;;;282;2021;2021 ;12,72;ND;Nie dotyczy;nd;Dane jawne;nd;Nie dotyczy;
521;Przeciętne miesięczne wydatki na towary i usługi konsumpcyjne na 1 osobę w gospodarstwach domowych;285;"Polska; Towary i usługi konsumpcyjne; Grupa społeczno-ekonomiczna (BGD); Wielkość gospodarstwa domowego";33617;POLSKA;180;[zł];267;Grupa społeczno-ekonomiczna (BGD);630877;Gospodarstwa domowe pracujących na własny rachunek;274;Wielkość gospodarstwa domowego;6902052;Ogółem;295;Towary i usługi konsumpcyjne;6901848;Żywność i napoje bezalkoholowe;;;;;;;;;;;;;;;;;;;;;282;2022;2022 ;385,95;ND;Nie dotyczy;nd;Dane jawne;nd;Nie dotyczy;
521;Przeciętne miesięczne wydatki na towary i usługi konsumpcyjne na 1 osobę w gospodarstwach domowych;285;"Polska; Towary i usługi konsumpcyjne; Grupa społeczno-ekonomiczna (BGD); Wielkość gospodarstwa domowego";33617;POLSKA;180;[zł];267;Grupa społeczno-ekonomiczna (BGD);630877;Gospodarstwa domowe pracujących na własny rachunek;274;Wielkość gospodarstwa domowego;6902052;Ogółem;295;Towary i usługi konsumpcyjne;6901908;Napoje alkoholowe, wyroby tytoniowe i narkotyki;;;;;;;;;;;;;;;;;;;;;282;2022;2022 ;35,74;ND;Nie dotyczy;nd;Dane jawne;nd;Nie dotyczy;
521;Przeciętne miesięczne wydatki na towary i usługi konsumpcyjne na 1 osobę w gospodarstwach domowych;285;"Polska; Towary i usługi konsumpcyjne; Grupa społeczno-ekonomiczna (BGD); Wielkość gospodarstwa domowego";33617;POLSKA;180;[zł];267;Grupa społeczno-ekonomiczna (BGD);630877;Gospodarstwa domowe pracujących na własny rachunek;274;Wielkość gospodarstwa domowego;6902052;Ogółem;295;Towary i usługi konsumpcyjne;6901914;Odzież i obuwie;;;;;;;;;;;;;;;;;;;;;282;2022;2022 ;80,61;ND;Nie dotyczy;nd;Dane jawne;nd;Nie dotyczy;
521;Przeciętne miesięczne wydatki na towary i usługi konsumpcyjne na 1 osobę w gospodarstwach domowych;285;"Polska; Towary i usługi konsumpcyjne; Grupa społeczno-ekonomiczna (BGD); Wielkość gospodarstwa domowego";33617;POLSKA;180;[zł];267;Grupa społeczno-ekonomiczna (BGD);630877;Gospodarstwa domowe pracujących na własny rachunek;274;Wielkość gospodarstwa domowego;6902052;Ogółem;295;Towary i usługi konsumpcyjne;6901917;Użytkowanie mieszkania lub domu i nośniki energii;;;;;;;;;;;;;;;;;;;;;282;2022;2022 ;265,91;ND;Nie dotyczy;nd;Dane jawne;nd;Nie dotyczy;
521;Przeciętne miesięczne wydatki na towary i usługi konsumpcyjne na 1 osobę w gospodarstwach domowych;285;"Polska; Towary i usługi konsumpcyjne; Grupa społeczno-ekonomiczna (BGD); Wielkość gospodarstwa domowego";33617;POLSKA;180;[zł];267;Grupa społeczno-ekonomiczna (BGD);630877;Gospodarstwa domowe pracujących na własny rachunek;274;Wielkość gospodarstwa domowego;6902052;Ogółem;295;Towary i usługi konsumpcyjne;6901925;Wyposażenie mieszkania i prowadzenie gospodarstwa domowego;;;;;;;;;;;;;;;;;;;;;282;2022;2022 ;105,19;ND;Nie dotyczy;nd;Dane jawne;nd;Nie dotyczy;
521;Przeciętne miesięczne wydatki na towary i usługi konsumpcyjne na 1 osobę w gospodarstwach domowych;285;"Polska; Towary i usługi konsumpcyjne; Grupa społeczno-ekonomiczna (BGD); Wielkość gospodarstwa domowego";33617;POLSKA;180;[zł];267;Grupa społeczno-ekonomiczna (BGD);630877;Gospodarstwa domowe pracujących na własny rachunek;274;Wielkość gospodarstwa domowego;6902052;Ogółem;295;Towary i usługi konsumpcyjne;6901933;Zdrowie;;;;;;;;;;;;;;;;;;;;;282;2022;2022 ;78,72;ND;Nie dotyczy;nd;Dane jawne;nd;Nie dotyczy;
521;Przeciętne miesięczne wydatki na towary i usługi konsumpcyjne na 1 osobę w gospodarstwach domowych;285;"Polska; Towary i usługi konsumpcyjne; Grupa społeczno-ekonomiczna (BGD); Wielkość gospodarstwa domowego";33617;POLSKA;180;[zł];267;Grupa społeczno-ekonomiczna (BGD);630877;Gospodarstwa domowe pracujących na własny rachunek;274;Wielkość gospodarstwa domowego;6902052;Ogółem;295;Towary i usługi konsumpcyjne;6901937;Transport;;;;;;;;;;;;;;;;;;;;;282;2022;2022 ;172,7;ND;Nie dotyczy;nd;Dane jawne;nd;Nie dotyczy;
521;Przeciętne miesięczne wydatki na towary i usługi konsumpcyjne na 1 osobę w gospodarstwach domowych;285;"Polska; Towary i usługi konsumpcyjne; Grupa społeczno-ekonomiczna (BGD); Wielkość gospodarstwa domowego";33617;POLSKA;180;[zł];267;Grupa społeczno-ekonomiczna (BGD);630877;Gospodarstwa domowe pracujących na własny rachunek;274;Wielkość gospodarstwa domowego;6902052;Ogółem;295;Towary i usługi konsumpcyjne;6901940;Łączność;;;;;;;;;;;;;;;;;;;;;282;2022;2022 ;67,19;ND;Nie dotyczy;nd;Dane jawne;nd;Nie dotyczy;
521;Przeciętne miesięczne wydatki na towary i usługi konsumpcyjne na 1 osobę w gospodarstwach domowych;285;"Polska; Towary i usługi konsumpcyjne; Grupa społeczno-ekonomiczna (BGD); Wielkość gospodarstwa domowego";33617;POLSKA;180;[zł];267;Grupa społeczno-ekonomiczna (BGD);630877;Gospodarstwa domowe pracujących na własny rachunek;274;Wielkość gospodarstwa domowego;6902052;Ogółem;295;Towary i usługi konsumpcyjne;6901945;Rekreacja i kultura;;;;;;;;;;;;;;;;;;;;;282;2022;2022 ;127,49;ND;Nie dotyczy;nd;Dane jawne;nd;Nie dotyczy;
521;Przeciętne miesięczne wydatki na towary i usługi konsumpcyjne na 1 osobę w gospodarstwach domowych;285;"Polska; Towary i usługi konsumpcyjne; Grupa społeczno-ekonomiczna (BGD); Wielkość gospodarstwa domowego";33617;POLSKA;180;[zł];267;Grupa społeczno-ekonomiczna (BGD);630877;Gospodarstwa domowe pracujących na własny rachunek;274;Wielkość gospodarstwa domowego;6902052;Ogółem;295;Towary i usługi konsumpcyjne;6901956;Edukacja;;;;;;;;;;;;;;;;;;;;;282;2022;2022 ;31,84;ND;Nie dotyczy;nd;Dane jawne;nd;Nie dotyczy;
521;Przeciętne miesięczne wydatki na towary i usługi konsumpcyjne na 1 osobę w gospodarstwach domowych;285;"Polska; Towary i usługi konsumpcyjne; Grupa społeczno-ekonomiczna (BGD); Wielkość gospodarstwa domowego";33617;POLSKA;180;[zł];267;Grupa społeczno-ekonomiczna (BGD);630877;Gospodarstwa domowe pracujących na własny rachunek;274;Wielkość gospodarstwa domowego;6902052;Ogółem;295;Towary i usługi konsumpcyjne;6901962;Restauracje i hotele;;;;;;;;;;;;;;;;;;;;;282;2022;2022 ;102,59;ND;Nie dotyczy;nd;Dane jawne;nd;Nie dotyczy;
521;Przeciętne miesięczne wydatki na towary i usługi konsumpcyjne na 1 osobę w gospodarstwach domowych;285;"Polska; Towary i usługi konsumpcyjne; Grupa społeczno-ekonomiczna (BGD); Wielkość gospodarstwa domowego";33617;POLSKA;180;[zł];267;Grupa społeczno-ekonomiczna (BGD);630877;Gospodarstwa domowe pracujących na własny rachunek;274;Wielkość gospodarstwa domowego;6902052;Ogółem;295;Towary i usługi konsumpcyjne;6901966;Pozostałe wydatki na towary i usługi;;;;;;;;;;;;;;;;;;;;;282;2022;2022 ;107,51;ND;Nie dotyczy;nd;Dane jawne;nd;Nie dotyczy;
521;Przeciętne miesięczne wydatki na towary i usługi konsumpcyjne na 1 osobę w gospodarstwach domowych;285;"Polska; Towary i usługi konsumpcyjne; Grupa społeczno-ekonomiczna (BGD); Wielkość gospodarstwa domowego";33617;POLSKA;180;[zł];267;Grupa społeczno-ekonomiczna (BGD);630877;Gospodarstwa domowe pracujących na własny rachunek;274;Wielkość gospodarstwa domowego;6902052;Ogółem;295;Towary i usługi konsumpcyjne;6901981;Kieszonkowe;;;;;;;;;;;;;;;;;;;;;282;2022;2022 ;17,6;ND;Nie dotyczy;nd;Dane jawne;nd;Nie dotyczy;
521;Przeciętne miesięczne wydatki na towary i usługi konsumpcyjne na 1 osobę w gospodarstwach domowych;285;"Polska; Towary i usługi konsumpcyjne; Grupa społeczno-ekonomiczna (BGD); Wielkość gospodarstwa domowego";33617;POLSKA;180;[zł];267;Grupa społeczno-ekonomiczna (BGD);630877;Gospodarstwa domowe pracujących na własny rachunek;274;Wielkość gospodarstwa domowego;6902052;Ogółem;295;Towary i usługi konsumpcyjne;6901848;Żywność i napoje bezalkoholowe;;;;;;;;;;;;;;;;;;;;;282;2023;2023 ;437,17;ND;Nie dotyczy;nd;Dane jawne;nd;Nie dotyczy;
521;Przeciętne miesięczne wydatki na towary i usługi konsumpcyjne na 1 osobę w gospodarstwach domowych;285;"Polska; Towary i usługi konsumpcyjne; Grupa społeczno-ekonomiczna (BGD); Wielkość gospodarstwa domowego";33617;POLSKA;180;[zł];267;Grupa społeczno-ekonomiczna (BGD);630877;Gospodarstwa domowe pracujących na własny rachunek;274;Wielkość gospodarstwa domowego;6902052;Ogółem;295;Towary i usługi konsumpcyjne;6901908;Napoje alkoholowe, wyroby tytoniowe i narkotyki;;;;;;;;;;;;;;;;;;;;;282;2023;2023 ;45,67;ND;Nie dotyczy;nd;Dane jawne;nd;Nie dotyczy;
521;Przeciętne miesięczne wydatki na towary i usługi konsumpcyjne na 1 osobę w gospodarstwach domowych;285;"Polska; Towary i usługi konsumpcyjne; Grupa społeczno-ekonomiczna (BGD); Wielkość gospodarstwa domowego";33617;POLSKA;180;[zł];267;Grupa społeczno-ekonomiczna (BGD);630877;Gospodarstwa domowe pracujących na własny rachunek;274;Wielkość gospodarstwa domowego;6902052;Ogółem;295;Towary i usługi konsumpcyjne;6901914;Odzież i obuwie;;;;;;;;;;;;;;;;;;;;;282;2023;2023 ;86,32;ND;Nie dotyczy;nd;Dane jawne;nd;Nie dotyczy;
521;Przeciętne miesięczne wydatki na towary i usługi konsumpcyjne na 1 osobę w gospodarstwach domowych;285;"Polska; Towary i usługi konsumpcyjne; Grupa społeczno-ekonomiczna (BGD); Wielkość gospodarstwa domowego";33617;POLSKA;180;[zł];267;Grupa społeczno-ekonomiczna (BGD);630877;Gospodarstwa domowe pracujących na własny rachunek;274;Wielkość gospodarstwa domowego;6902052;Ogółem;295;Towary i usługi konsumpcyjne;6901917;Użytkowanie mieszkania lub domu i nośniki energii;;;;;;;;;;;;;;;;;;;;;282;2023;2023 ;332,74;ND;Nie dotyczy;nd;Dane jawne;nd;Nie dotyczy;
521;Przeciętne miesięczne wydatki na towary i usługi konsumpcyjne na 1 osobę w gospodarstwach domowych;285;"Polska; Towary i usługi konsumpcyjne; Grupa społeczno-ekonomiczna (BGD); Wielkość gospodarstwa domowego";33617;POLSKA;180;[zł];267;Grupa społeczno-ekonomiczna (BGD);630877;Gospodarstwa domowe pracujących na własny rachunek;274;Wielkość gospodarstwa domowego;6902052;Ogółem;295;Towary i usługi konsumpcyjne;6901925;Wyposażenie mieszkania i prowadzenie gospodarstwa domowego;;;;;;;;;;;;;;;;;;;;;282;2023;2023 ;81,34;ND;Nie dotyczy;nd;Dane jawne;nd;Nie dotyczy;
521;Przeciętne miesięczne wydatki na towary i usługi konsumpcyjne na 1 osobę w gospodarstwach domowych;285;"Polska; Towary i usługi konsumpcyjne; Grupa społeczno-ekonomiczna (BGD); Wielkość gospodarstwa domowego";33617;POLSKA;180;[zł];267;Grupa społeczno-ekonomiczna (BGD);630877;Gospodarstwa domowe pracujących na własny rachunek;274;Wielkość gospodarstwa domowego;6902052;Ogółem;295;Towary i usługi konsumpcyjne;6901933;Zdrowie;;;;;;;;;;;;;;;;;;;;;282;2023;2023 ;85,76;ND;Nie dotyczy;nd;Dane jawne;nd;Nie dotyczy;
521;Przeciętne miesięczne wydatki na towary i usługi konsumpcyjne na 1 osobę w gospodarstwach domowych;285;"Polska; Towary i usługi konsumpcyjne; Grupa społeczno-ekonomiczna (BGD); Wielkość gospodarstwa domowego";33617;POLSKA;180;[zł];267;Grupa społeczno-ekonomiczna (BGD);630877;Gospodarstwa domowe pracujących na własny rachunek;274;Wielkość gospodarstwa domowego;6902052;Ogółem;295;Towary i usługi konsumpcyjne;6901937;Transport;;;;;;;;;;;;;;;;;;;;;282;2023;2023 ;171,23;ND;Nie dotyczy;nd;Dane jawne;nd;Nie dotyczy;
521;Przeciętne miesięczne wydatki na towary i usługi konsumpcyjne na 1 osobę w gospodarstwach domowych;285;"Polska; Towary i usługi konsumpcyjne; Grupa społeczno-ekonomiczna (BGD); Wielkość gospodarstwa domowego";33617;POLSKA;180;[zł];267;Grupa społeczno-ekonomiczna (BGD);630877;Gospodarstwa domowe pracujących na własny rachunek;274;Wielkość gospodarstwa domowego;6902052;Ogółem;295;Towary i usługi konsumpcyjne;6901940;Łączność;;;;;;;;;;;;;;;;;;;;;282;2023;2023 ;74,9;ND;Nie dotyczy;nd;Dane jawne;nd;Nie dotyczy;
521;Przeciętne miesięczne wydatki na towary i usługi konsumpcyjne na 1 osobę w gospodarstwach domowych;285;"Polska; Towary i usługi konsumpcyjne; Grupa społeczno-ekonomiczna (BGD); Wielkość gospodarstwa domowego";33617;POLSKA;180;[zł];267;Grupa społeczno-ekonomiczna (BGD);630877;Gospodarstwa domowe pracujących na własny rachunek;274;Wielkość gospodarstwa domowego;6902052;Ogółem;295;Towary i usługi konsumpcyjne;6901945;Rekreacja i kultura;;;;;;;;;;;;;;;;;;;;;282;2023;2023 ;162,13;ND;Nie dotyczy;nd;Dane jawne;nd;Nie dotyczy;
521;Przeciętne miesięczne wydatki na towary i usługi konsumpcyjne na 1 osobę w gospodarstwach domowych;285;"Polska; Towary i usługi konsumpcyjne; Grupa społeczno-ekonomiczna (BGD); Wielkość gospodarstwa domowego";33617;POLSKA;180;[zł];267;Grupa społeczno-ekonomiczna (BGD);630877;Gospodarstwa domowe pracujących na własny rachunek;274;Wielkość gospodarstwa domowego;6902052;Ogółem;295;Towary i usługi konsumpcyjne;6901956;Edukacja;;;;;;;;;;;;;;;;;;;;;282;2023;2023 ;30,44;ND;Nie dotyczy;nd;Dane jawne;nd;Nie dotyczy;
521;Przeciętne miesięczne wydatki na towary i usługi konsumpcyjne na 1 osobę w gospodarstwach domowych;285;"Polska; Towary i usługi konsumpcyjne; Grupa społeczno-ekonomiczna (BGD); Wielkość gospodarstwa domowego";33617;POLSKA;180;[zł];267;Grupa społeczno-ekonomiczna (BGD);630877;Gospodarstwa domowe pracujących na własny rachunek;274;Wielkość gospodarstwa domowego;6902052;Ogółem;295;Towary i usługi konsumpcyjne;6901962;Restauracje i hotele;;;;;;;;;;;;;;;;;;;;;282;2023;2023 ;145,13;ND;Nie dotyczy;nd;Dane jawne;nd;Nie dotyczy;
521;Przeciętne miesięczne wydatki na towary i usługi konsumpcyjne na 1 osobę w gospodarstwach domowych;285;"Polska; Towary i usługi konsumpcyjne; Grupa społeczno-ekonomiczna (BGD); Wielkość gospodarstwa domowego";33617;POLSKA;180;[zł];267;Grupa społeczno-ekonomiczna (BGD);630877;Gospodarstwa domowe pracujących na własny rachunek;274;Wielkość gospodarstwa domowego;6902052;Ogółem;295;Towary i usługi konsumpcyjne;6901966;Pozostałe wydatki na towary i usługi;;;;;;;;;;;;;;;;;;;;;282;2023;2023 ;126,33;ND;Nie dotyczy;nd;Dane jawne;nd;Nie dotyczy;
521;Przeciętne miesięczne wydatki na towary i usługi konsumpcyjne na 1 osobę w gospodarstwach domowych;285;"Polska; Towary i usługi konsumpcyjne; Grupa społeczno-ekonomiczna (BGD); Wielkość gospodarstwa domowego";33617;POLSKA;180;[zł];267;Grupa społeczno-ekonomiczna (BGD);630877;Gospodarstwa domowe pracujących na własny rachunek;274;Wielkość gospodarstwa domowego;6902052;Ogółem;295;Towary i usługi konsumpcyjne;6901981;Kieszonkowe;;;;;;;;;;;;;;;;;;;;;282;2023;2023 ;25,08;ND;Nie dotyczy;nd;Dane jawne;nd;Nie dotyczy;
521;Przeciętne miesięczne wydatki na towary i usługi konsumpcyjne na 1 osobę w gospodarstwach domowych;285;"Polska; Towary i usługi konsumpcyjne; Grupa społeczno-ekonomiczna (BGD); Wielkość gospodarstwa domowego";33617;POLSKA;180;[zł];267;Grupa społeczno-ekonomiczna (BGD);630877;Gospodarstwa domowe pracujących na własny rachunek;274;Wielkość gospodarstwa domowego;6902052;Ogółem;295;Towary i usługi konsumpcyjne;6901848;Żywność i napoje bezalkoholowe;;;;;;;;;;;;;;;;;;;;;282;2024;2024 ;461,46;ND;Nie dotyczy;nd;Dane jawne;nd;Nie dotyczy;
521;Przeciętne miesięczne wydatki na towary i usługi konsumpcyjne na 1 osobę w gospodarstwach domowych;285;"Polska; Towary i usługi konsumpcyjne; Grupa społeczno-ekonomiczna (BGD); Wielkość gospodarstwa domowego";33617;POLSKA;180;[zł];267;Grupa społeczno-ekonomiczna (BGD);630877;Gospodarstwa domowe pracujących na własny rachunek;274;Wielkość gospodarstwa domowego;6902052;Ogółem;295;Towary i usługi konsumpcyjne;6901908;Napoje alkoholowe, wyroby tytoniowe i narkotyki;;;;;;;;;;;;;;;;;;;;;282;2024;2024 ;42,6;ND;Nie dotyczy;nd;Dane jawne;nd;Nie dotyczy;
521;Przeciętne miesięczne wydatki na towary i usługi konsumpcyjne na 1 osobę w gospodarstwach domowych;285;"Polska; Towary i usługi konsumpcyjne; Grupa społeczno-ekonomiczna (BGD); Wielkość gospodarstwa domowego";33617;POLSKA;180;[zł];267;Grupa społeczno-ekonomiczna (BGD);630877;Gospodarstwa domowe pracujących na własny rachunek;274;Wielkość gospodarstwa domowego;6902052;Ogółem;295;Towary i usługi konsumpcyjne;6901914;Odzież i obuwie;;;;;;;;;;;;;;;;;;;;;282;2024;2024 ;95,64;ND;Nie dotyczy;nd;Dane jawne;nd;Nie dotyczy;
521;Przeciętne miesięczne wydatki na towary i usługi konsumpcyjne na 1 osobę w gospodarstwach domowych;285;"Polska; Towary i usługi konsumpcyjne; Grupa społeczno-ekonomiczna (BGD); Wielkość gospodarstwa domowego";33617;POLSKA;180;[zł];267;Grupa społeczno-ekonomiczna (BGD);630877;Gospodarstwa domowe pracujących na własny rachunek;274;Wielkość gospodarstwa domowego;6902052;Ogółem;295;Towary i usługi konsumpcyjne;6901917;Użytkowanie mieszkania lub domu i nośniki energii;;;;;;;;;;;;;;;;;;;;;282;2024;2024 ;354,18;ND;Nie dotyczy;nd;Dane jawne;nd;Nie dotyczy;
521;Przeciętne miesięczne wydatki na towary i usługi konsumpcyjne na 1 osobę w gospodarstwach domowych;285;"Polska; Towary i usługi konsumpcyjne; Grupa społeczno-ekonomiczna (BGD); Wielkość gospodarstwa domowego";33617;POLSKA;180;[zł];267;Grupa społeczno-ekonomiczna (BGD);630877;Gospodarstwa domowe pracujących na własny rachunek;274;Wielkość gospodarstwa domowego;6902052;Ogółem;295;Towary i usługi konsumpcyjne;6901925;Wyposażenie mieszkania i prowadzenie gospodarstwa domowego;;;;;;;;;;;;;;;;;;;;;282;2024;2024 ;113,36;ND;Nie dotyczy;nd;Dane jawne;nd;Nie dotyczy;
521;Przeciętne miesięczne wydatki na towary i usługi konsumpcyjne na 1 osobę w gospodarstwach domowych;285;"Polska; Towary i usługi konsumpcyjne; Grupa społeczno-ekonomiczna (BGD); Wielkość gospodarstwa domowego";33617;POLSKA;180;[zł];267;Grupa społeczno-ekonomiczna (BGD);630877;Gospodarstwa domowe pracujących na własny rachunek;274;Wielkość gospodarstwa domowego;6902052;Ogółem;295;Towary i usługi konsumpcyjne;6901933;Zdrowie;;;;;;;;;;;;;;;;;;;;;282;2024;2024 ;116,62;ND;Nie dotyczy;nd;Dane jawne;nd;Nie dotyczy;
521;Przeciętne miesięczne wydatki na towary i usługi konsumpcyjne na 1 osobę w gospodarstwach domowych;285;"Polska; Towary i usługi konsumpcyjne; Grupa społeczno-ekonomiczna (BGD); Wielkość gospodarstwa domowego";33617;POLSKA;180;[zł];267;Grupa społeczno-ekonomiczna (BGD);630877;Gospodarstwa domowe pracujących na własny rachunek;274;Wielkość gospodarstwa domowego;6902052;Ogółem;295;Towary i usługi konsumpcyjne;6901937;Transport;;;;;;;;;;;;;;;;;;;;;282;2024;2024 ;244,55;ND;Nie dotyczy;nd;Dane jawne;nd;Nie dotyczy;
521;Przeciętne miesięczne wydatki na towary i usługi konsumpcyjne na 1 osobę w gospodarstwach domowych;285;"Polska; Towary i usługi konsumpcyjne; Grupa społeczno-ekonomiczna (BGD); Wielkość gospodarstwa domowego";33617;POLSKA;180;[zł];267;Grupa społeczno-ekonomiczna (BGD);630877;Gospodarstwa domowe pracujących na własny rachunek;274;Wielkość gospodarstwa domowego;6902052;Ogółem;295;Towary i usługi konsumpcyjne;6901940;Łączność;;;;;;;;;;;;;;;;;;;;;282;2024;2024 ;76,13;ND;Nie dotyczy;nd;Dane jawne;nd;Nie dotyczy;
521;Przeciętne miesięczne wydatki na towary i usługi konsumpcyjne na 1 osobę w gospodarstwach domowych;285;"Polska; Towary i usługi konsumpcyjne; Grupa społeczno-ekonomiczna (BGD); Wielkość gospodarstwa domowego";33617;POLSKA;180;[zł];267;Grupa społeczno-ekonomiczna (BGD);630877;Gospodarstwa domowe pracujących na własny rachunek;274;Wielkość gospodarstwa domowego;6902052;Ogółem;295;Towary i usługi konsumpcyjne;6901945;Rekreacja i kultura;;;;;;;;;;;;;;;;;;;;;282;2024;2024 ;216,49;ND;Nie dotyczy;nd;Dane jawne;nd;Nie dotyczy;
521;Przeciętne miesięczne wydatki na towary i usługi konsumpcyjne na 1 osobę w gospodarstwach domowych;285;"Polska; Towary i usługi konsumpcyjne; Grupa społeczno-ekonomiczna (BGD); Wielkość gospodarstwa domowego";33617;POLSKA;180;[zł];267;Grupa społeczno-ekonomiczna (BGD);630877;Gospodarstwa domowe pracujących na własny rachunek;274;Wielkość gospodarstwa domowego;6902052;Ogółem;295;Towary i usługi konsumpcyjne;6901956;Edukacja;;;;;;;;;;;;;;;;;;;;;282;2024;2024 ;52,69;ND;Nie dotyczy;nd;Dane jawne;nd;Nie dotyczy;
521;Przeciętne miesięczne wydatki na towary i usługi konsumpcyjne na 1 osobę w gospodarstwach domowych;285;"Polska; Towary i usługi konsumpcyjne; Grupa społeczno-ekonomiczna (BGD); Wielkość gospodarstwa domowego";33617;POLSKA;180;[zł];267;Grupa społeczno-ekonomiczna (BGD);630877;Gospodarstwa domowe pracujących na własny rachunek;274;Wielkość gospodarstwa domowego;6902052;Ogółem;295;Towary i usługi konsumpcyjne;6901962;Restauracje i hotele;;;;;;;;;;;;;;;;;;;;;282;2024;2024 ;158,1;ND;Nie dotyczy;nd;Dane jawne;nd;Nie dotyczy;
521;Przeciętne miesięczne wydatki na towary i usługi konsumpcyjne na 1 osobę w gospodarstwach domowych;285;"Polska; Towary i usługi konsumpcyjne; Grupa społeczno-ekonomiczna (BGD); Wielkość gospodarstwa domowego";33617;POLSKA;180;[zł];267;Grupa społeczno-ekonomiczna (BGD);630877;Gospodarstwa domowe pracujących na własny rachunek;274;Wielkość gospodarstwa domowego;6902052;Ogółem;295;Towary i usługi konsumpcyjne;6901966;Pozostałe wydatki na towary i usługi;;;;;;;;;;;;;;;;;;;;;282;2024;2024 ;131,91;ND;Nie dotyczy;nd;Dane jawne;nd;Nie dotyczy;
521;Przeciętne miesięczne wydatki na towary i usługi konsumpcyjne na 1 osobę w gospodarstwach domowych;285;"Polska; Towary i usługi konsumpcyjne; Grupa społeczno-ekonomiczna (BGD); Wielkość gospodarstwa domowego";33617;POLSKA;180;[zł];267;Grupa społeczno-ekonomiczna (BGD);630877;Gospodarstwa domowe pracujących na własny rachunek;274;Wielkość gospodarstwa domowego;6902052;Ogółem;295;Towary i usługi konsumpcyjne;6901981;Kieszonkowe;;;;;;;;;;;;;;;;;;;;;282;2024;2024 ;25,68;ND;Nie dotyczy;nd;Dane jawne;nd;Nie dotyczy;
